index,x,y
0,360901.646672377,4065845.98513915
1,360905.057281596,4065846.09573604
2,360908.41352483,4065846.70596208
3,360911.617211554,4065847.31618812
4,360915.58368083,4065848.07897067
5,360918.482254533,4065849.29942276
6,360921.685941256,4065850.51987484
7,360925.347297511,4065852.35055297
8,360929.313766788,4065854.63890063
9,360932.364897001,4065856.62213527
10,360935.416027214,4065858.75792642
11,360938.009487895,4065860.74116106
12,360940.450392065,4065863.79229127
13,360943.043852746,4065866.38575195
14,360945.179643895,4065869.58943867
15,360947.315435044,4065873.25079493
16,360949.451226193,4065876.75959467
17,360951.12934781,4065880.57350744
18,360952.395733394,4065884.08230719
19,360953.486595718,4065888.50644599
20,360954.489696412,4065893.23569782
21,360954.686133737,4065897.65983663
22,360954.63179589,4065902.54164497
23,360953.716456826,4065906.66067076
24,360953.563900315,4065911.08480957
25,360952.190891719,4065914.89872233
26,360950.817883124,4065918.86519161
27,360949.444874528,4065923.13677391
28,360947.919309421,4065927.2557997
29,360946.241187804,4065931.22226897
30,360944.105396655,4065934.4259557
31,360942.122162017,4065937.47708591
32,360939.681257847,4065940.37565961
33,360936.477571123,4065943.1216768
34,360933.731553932,4065945.25746795
35,360930.680423719,4065947.3932591
36,360927.781850017,4065948.30859816
37,360923.81538074,4065949.98671978
38,360921.075016839,4065951.23945155
39,360917.744309078,4065952.03854179
40,360912.724689157,4065953.00128273
41,360908.420427408,4065953.18703797
42,360903.555111484,4065953.69107191
43,360899.293396836,4065954.19608918
44,360894.991858125,4065954.70346476
45,360891.447675682,4065954.25625846
46,360886.503427806,4065953.45879913
47,360883.951557935,4065952.50184793
48,360880.442736862,4065951.38540486
49,360875.33899712,4065949.79048619
50,360871.351700446,4065947.71709192
51,360868.799830575,4065944.84623831
52,360866.088468837,4065942.29436844
53,360861.622696562,4065939.42351484
54,360859.389810425,4065936.39316936
55,360856.837940554,4065933.68180763
56,360855.083530017,4065930.97044589
57,360854.126578816,4065928.89705162
58,360852.212676412,4065924.75026308
59,360850.298774009,4065921.08195014
60,360848.462155503,4065917.4136372
61,360846.586895048,4065912.94786492
62,360845.649264821,4065907.84412518
63,360845.977909042,4065903.21886104
64,360846.456384643,4065898.91258063
65,360846.456384643,4065895.88223516
66,360846.456384643,4065892.21392222
67,360846.934860244,4065888.70510115
68,360847.891811445,4065885.35577194
69,360848.370287046,4065882.32542647
70,360850.124697583,4065878.3381298
71,360851.560124385,4065875.62676806
72,360853.155043055,4065872.11794698
73,360855.228437325,4065867.97115844
74,360856.982847862,4065866.37623977
75,360859.056242132,4065863.18640243
76,360862.884046939,4065858.56113829
77,360865.43591681,4065856.96621962
78,360869.423213484,4065854.25485789
79,360872.294067089,4065851.86247988
80,360875.483904428,4065850.74603681
81,360879.152217368,4065848.51315068
82,360882.18256284,4065847.39670761
83,360886.32935138,4065846.28026454
84,360890.316648054,4065845.4828052
85,360894.435356606,4065845.10209944
86,360898.436354379,4065845.20188101
87,360901.33139677,4065854.36951525
88,360905.673960356,4065855.012858
89,360909.051509813,4065855.97787213
90,360913.233237711,4065856.94288626
91,360917.093294232,4065858.39040746
92,360920.953350753,4065860.96377847
93,360923.687557456,4065863.53714949
94,360926.582599847,4065865.46717775
95,360928.995135173,4065867.39720601
96,360931.568506187,4065869.80974133
97,360934.141877201,4065873.18729079
98,360936.554412527,4065877.04734731
99,360939.127783541,4065880.58573246
100,360940.414469048,4065884.28495329
101,360942.344497309,4065888.46668119
102,360943.952854193,4065892.64840908
103,360943.792018504,4065898.11682249
104,360942.827004374,4065902.78105745
105,360942.022825932,4065907.28445673
106,360941.701154555,4065912.10952738
107,360940.25363336,4065917.09543372
108,360937.841098034,4065921.27716162
109,360935.106891331,4065924.3330397
110,360932.855191694,4065927.71058915
111,360930.603492057,4065931.08813861
112,360926.743435535,4065933.82234531
113,360924.009228833,4065935.59153788
114,360920.310008,4065938.1649089
115,360915.806608725,4065940.73827991
116,360912.107387892,4065941.86412973
117,360908.569002747,4065942.82914386
118,360904.065603473,4065943.79415799
119,360900.36638264,4065943.95499368
120,360895.541311988,4065943.95499368
121,360890.233734271,4065942.98997955
122,360887.017020503,4065941.70329404
123,360883.156963982,4065940.09493716
124,360878.653564707,4065939.45159441
125,360873.989329744,4065937.68240183
126,360870.933451665,4065933.17900256
127,360867.073395143,4065930.92730292
128,360865.465038259,4065927.38891778
129,360863.856681376,4065923.36802557
130,360860.47913192,4065919.82964042
131,360858.066596594,4065916.45209097
132,360856.45823971,4065911.62702031
133,360856.45823971,4065908.08863517
134,360855.814896956,4065902.45938608
135,360855.814896956,4065898.27765818
136,360856.779911087,4065894.09593028
137,360857.744925217,4065889.59253101
138,360859.031610724,4065886.53665293
139,360861.765817427,4065882.99826778
140,360863.695845687,4065878.97737557
141,360864.821695506,4065874.95648336
142,360867.555902209,4065871.57893391
143,360869.968437534,4065869.64890565
144,360872.541808549,4065867.71887738
145,360875.276015251,4065864.82383499
146,360878.331893331,4065862.41129967
147,360881.38777141,4065859.99876434
148,360884.121978112,4065858.22957177
149,360887.660363257,4065857.58622902
150,360891.037912713,4065856.29954351
151,360894.737133546,4065855.33452938
152,360897.953847314,4065854.69118663
153,360948.617089156,4065909.53615637
154,360949.099596221,4065909.69699205
155,360949.582103286,4065909.53615637
156,360950.547117417,4065909.69699205
157,360951.351295859,4065910.34033481
158,360950.707953105,4065909.85782774
159,360951.672967235,4065910.17949912
160,360952.637981366,4065910.34033481
161,360952.959652742,4065910.82284187
162,360930.120984991,4065932.85733118
163,360930.120984991,4065932.85733118
164,360930.764327745,4065933.33983825
165,360931.568506187,4065933.50067393
166,360931.890177564,4065933.82234531
167,360932.533520317,4065934.30485238
168,360932.855191694,4065934.78735944
169,360933.498534447,4065935.10903082
170,360933.498534447,4065935.4307022
171,360933.820205824,4065935.59153788
172,360934.302712889,4065935.75237357
173,360934.624384266,4065936.07404495
174,360909.212345501,4065948.61922864
175,360909.373181189,4065949.2625714
176,360909.534016878,4065949.74507846
177,360909.534016878,4065950.22758553
178,360909.694852566,4065950.87092828
179,360909.855688255,4065951.51427104
180,360909.855688255,4065952.31844948
181,360910.016523943,4065952.96179223
182,360889.429555829,4065949.58424277
183,360889.429555829,4065950.22758553
184,360889.429555829,4065950.5492569
185,360889.429555829,4065950.87092828
186,360889.429555829,4065951.51427104
187,360889.429555829,4065951.51427104
188,360889.429555829,4065952.15761379
189,360889.590391518,4065952.31844948
190,360889.590391518,4065952.47928517
191,360889.751227206,4065952.96179223
192,360889.751227206,4065952.96179223
193,360889.751227206,4065953.4442993
194,360867.716737897,4065937.03905908
195,360867.555902209,4065937.36073046
196,360868.520916339,4065936.39571633
197,360868.36008065,4065937.03905908
198,360868.681752027,4065936.55655201
199,360869.003423404,4065936.39571633
200,360869.164259092,4065935.91320926
201,360869.485930469,4065935.59153788
202,360869.646766158,4065935.59153788
203,360869.807601846,4065935.4307022
204,360869.968437534,4065935.10903082
205,360870.450944599,4065934.78735944
206,360870.450944599,4065934.62652375
207,360870.611780288,4065934.14401669
208,360853.080690254,4065925.6197252
209,360853.884868696,4065925.29805383
210,360853.884868696,4065925.29805383
211,360854.528211449,4065924.81554676
212,360854.528211449,4065924.81554676
213,360854.689047138,4065924.65471107
214,360855.010718514,4065924.49387539
215,360855.493225579,4065924.3330397
216,360855.975732645,4065923.85053263
217,360856.297404021,4065923.52886126
218,360883.317799671,4065853.40450112
219,360883.317799671,4065854.20867956
220,360883.156963982,4065854.69118663
221,360883.478635359,4065855.17369369
222,360883.800306736,4065856.13870782
223,360883.800306736,4065856.13870782
224,360883.961142424,4065857.10372195
225,360884.282813801,4065857.42539333
226,360883.800306736,4065855.97787213
227,360883.961142424,4065854.69118663
228,360908.086495682,4065851.15280148
229,360907.925659994,4065851.47447286
230,360908.086495682,4065852.43948699
231,360907.764824305,4065852.76115836
232,360907.443152929,4065853.24366543
233,360907.28231724,4065853.56533681
234,360907.121481552,4065854.20867956
235,360907.121481552,4065854.36951525
236,360906.638974487,4065854.85202231
237,360906.638974487,4065855.17369369
