index,Long,Lat,UTM_X,UTM_Y,Cov_00
0,127.07797409999999,37.5414556,330197.67606292485,4156676.350195057,0.000225
1,127.07797439999999,37.5414561,330197.7037036229,4156676.4051328725,0.000225
2,127.07797479999999,37.5414566,330197.74017973285,4156676.4598900187,0.000225
3,127.077975,37.541457199999996,330197.7592119138,4156676.526104467,0.000225
4,127.07797559999999,37.541457799999996,330197.81358573365,4156676.591596241,0.000225
5,127.07797599999999,37.5414585,330197.8505156289,4156676.6685453174,0.000256
6,127.0779766,37.5414593,330197.9053432361,4156676.756229019,0.000256
7,127.0779771,37.541460099999995,330197.9513354305,4156676.844093392,0.000225
8,127.07797769999999,37.5414612,330198.00684371294,4156676.96506499,0.00019600000000000002
9,127.0779783,37.5414623,330198.0623519961,4156677.086036587,0.00019600000000000002
10,127.0779791,37.5414635,330198.13575798913,4156677.217742812,0.00019600000000000002
11,127.0779798,37.5414649,330198.2007823547,4156677.371821636,0.00019600000000000002
12,127.0779805,37.541466299999996,330198.2658067203,4156677.525900458,0.00019600000000000002
13,127.07798109999999,37.5414679,330198.3224494585,4156677.702351881,0.00019600000000000002
14,127.0779816,37.5414694,330198.37002989545,4156677.867888007,0.00019600000000000002
15,127.0779821,37.5414712,330198.4182910069,4156678.0667120274,0.00019600000000000002
16,127.0779824,37.541472899999995,330198.4486544098,4156678.2548014186,0.00019600000000000002
17,127.07798269999999,37.541474699999995,330198.4792447021,4156678.4539867765,0.00019600000000000002
18,127.0779828,37.5414765,330198.4921641781,4156678.6535334717,0.00019600000000000002
19,127.0779828,37.541478399999995,330198.49647513917,4156678.864356797,0.00019600000000000002
20,127.07798249999999,37.541480199999995,330198.4740529839,4156679.0646261647,0.00019600000000000002
21,127.0779821,37.541482099999996,330198.44302231836,4156679.276172165,0.00019600000000000002
22,127.0779817,37.5414838,330198.411537869,4156679.4655262367,0.00019600000000000002
23,127.07798129999999,37.5414856,330198.38028031203,4156679.6659762734,0.00019600000000000002
24,127.07798079999999,37.5414871,330198.339506674,4156679.8333190843,0.00019600000000000002
25,127.0779805,37.541489,330198.3173114222,4156680.044684417,0.00019600000000000002
26,127.0779798,37.541490599999996,330198.2590938668,4156680.22348453,0.00019600000000000002
27,127.077979,37.5414923,330198.19226780394,4156680.4135612794,0.00019600000000000002
28,127.0779779,37.541494,330198.0989355255,4156680.6041800333,0.00019600000000000002
29,127.0779769,37.5414957,330198.014438657,4156680.7946181204,0.00019600000000000002
30,127.0779755,37.541497299999996,330197.8943732785,4156680.97468292,0.00019600000000000002
31,127.0779742,37.5414987,330197.7826895226,4156681.1323751234,0.00019600000000000002
32,127.0779728,37.5414998,330197.6614896822,4156681.256960103,0.00019600000000000002
33,127.07797149999999,37.541500899999996,330197.5491252524,4156681.3813644163,0.00019600000000000002
34,127.0779702,37.5415017,330197.4360801431,4156681.472480837,0.00019600000000000002
35,127.0779688,37.5415025,330197.31419963174,4156681.563777928,0.00019600000000000002
36,127.07796739999999,37.541503299999995,330197.192319123,4156681.6550750216,0.000256
37,127.0779659,37.541503999999996,330197.0613763178,4156681.7354568224,0.000225
38,127.0779644,37.5415047,330196.9304335128,4156681.8158386247,0.000256
39,127.0779628,37.541505099999995,330196.7899746227,4156681.8631132073,0.000225
40,127.07796119999999,37.5415056,330196.6497426273,4156681.921483756,0.000256
41,127.07795949999999,37.541506,330196.50044833624,4156681.9689390133,0.000256
42,127.0779577,37.5415063,330196.34209174686,4156682.0054789786,0.000225
43,127.07795589999999,37.541506399999996,330196.18328136444,4156682.019827018,0.00019600000000000002
44,127.07795399999999,37.5415066,330196.01586247457,4156682.045451697,0.00019600000000000002
45,127.0779522,37.5415067,330195.85705209547,4156682.0597997424,0.00019600000000000002
46,127.0779503,37.5415068,330195.6894063103,4156682.0743284626,0.00019600000000000002
47,127.0779482,37.5415066,330195.503409029,4156682.055930636,0.00019600000000000002
48,127.07794639999999,37.5415065,330195.3441448539,4156682.0480867615,0.00019600000000000002
49,127.07794439999999,37.541506,330195.1663022805,4156681.996220377,0.000225
50,127.0779426,37.5415056,330195.0063574131,4156681.955088615,0.00019600000000000002
51,127.0779407,37.541505099999995,330194.8373502395,4156681.9030415644,0.00019600000000000002
52,127.077939,37.541504499999995,330194.6857869766,4156681.8395372066,0.00019600000000000002
53,127.07793729999999,37.5415038,330194.5339968109,4156681.764936889,0.00019600000000000002
54,127.07793559999999,37.5415032,330194.3824335429,4156681.7014325378,0.00019600000000000002
55,127.0779338,37.541502699999995,330194.22226176655,4156681.6492048255,0.00019600000000000002
56,127.0779323,37.541502099999995,330194.0883693009,4156681.585339132,0.00019600000000000002
57,127.07793079999999,37.5415016,330193.95470373426,4156681.5325694075,0.00019600000000000002
58,127.0779292,37.541500899999996,330193.81174896285,4156681.4577884283,0.00019600000000000002
59,127.07792789999999,37.5415001,330193.6950735018,4156681.3713694657,0.00019600000000000002
60,127.07792629999999,37.5414994,330193.55211872514,4156681.2965884907,0.00019600000000000002
61,127.077925,37.5414987,330193.4356701609,4156681.221265496,0.00019600000000000002
62,127.0779238,37.541497799999995,330193.3276032002,4156681.1235699,0.00019600000000000002
63,127.0779226,37.541497,330193.2197631369,4156681.0369702713,0.00019600000000000002
64,127.07792149999999,37.5414959,330193.1200777765,4156680.916902074,0.00019600000000000002
65,127.0779204,37.541495,330193.0208462136,4156680.819025806,0.00019600000000000002
66,127.0779195,37.5414937,330192.9383778586,4156680.6764043346,0.00019600000000000002
67,127.0779185,37.5414926,330192.84752789815,4156680.556155466,0.00019600000000000002
68,127.0779175,37.5414913,330192.7562241319,4156680.413714669,0.00019600000000000002
69,127.0779165,37.5414901,330192.6651472632,4156680.2823698386,0.00019600000000000002
70,127.0779156,37.541488799999996,330192.5826788973,4156680.139748369,0.00019600000000000002
71,127.0779144,37.5414874,330192.47347740876,4156679.9865729604,0.00019600000000000002
72,127.0779132,37.541486,330192.36427591625,4156679.8333975514,0.00019600000000000002
73,127.07791239999999,37.5414846,330192.29041604686,4156679.679499445,0.00019600000000000002
74,127.07791169999999,37.541483,330192.2249377795,4156679.5032287356,0.00019600000000000002
75,127.0779106,37.541481499999996,330192.1243447847,4156679.338776691,0.00019600000000000002
76,127.07790969999999,37.5414798,330192.0409687958,4156679.151771367,0.00019600000000000002
77,127.07790899999999,37.5414781,330191.97526361834,4156678.964404695,0.00019600000000000002
78,127.077908,37.5414764,330191.8830522173,4156678.777580048,0.00019600000000000002
79,127.0779072,37.541474699999995,330191.80851162603,4156678.5903940513,0.00019600000000000002
80,127.0779063,37.541472999999996,330191.7251356236,4156678.4033887303,0.00019600000000000002
81,127.07790539999999,37.541471099999995,330191.64130581403,4156678.194191481,0.00019600000000000002
82,127.0779044,37.5414694,330191.5490943981,4156678.0073668384,0.00019600000000000002
83,127.07790329999999,37.5414678,330191.44827446714,4156677.831818838,0.00019600000000000002
84,127.077902,37.541466299999996,330191.3300106209,4156677.6677281517,0.00019600000000000002
85,127.0779007,37.5414649,330191.2119736703,4156677.514733435,0.00019600000000000002
86,127.0778993,37.5414636,330191.0853282064,4156677.373015359,0.00019600000000000002
87,127.07789779999999,37.5414623,330190.94984733115,4156677.231477962,0.00019600000000000002
88,127.0778962,37.5414613,330190.8062117503,4156677.123409137,0.00019600000000000002
89,127.07789469999999,37.541460199999996,330190.67118467006,4156677.004063673,0.00019600000000000002
90,127.0778931,37.5414592,330190.52754908166,4156676.8959948528,0.00019600000000000002
91,127.0778914,37.5414581,330190.37485117617,4156676.777010747,0.00019600000000000002
92,127.0778898,37.541457,330190.2309886741,4156676.657845967,0.00019600000000000002
93,127.0778883,37.541455899999995,330190.0959615803,4156676.538500512,0.00019600000000000002
94,127.0778866,37.541455,330189.9437174699,4156676.441708344,0.00019600000000000002
95,127.07788479999999,37.541454099999996,330189.7826379433,4156676.3450968545,0.00019600000000000002
96,127.07788319999999,37.5414534,330189.63968304254,4156676.270315944,0.00019600000000000002
97,127.07788129999999,37.5414527,330189.4702219097,4156676.1960770674,0.00019600000000000002
98,127.0778794,37.541452199999995,330189.3012145832,4156676.1440301244,0.00019600000000000002
99,127.0778776,37.5414515,330189.1405888529,4156676.069610579,0.00019600000000000002
100,127.0778756,37.541450999999995,330188.96274610853,4156676.017744319,0.00019600000000000002
101,127.07787379999999,37.541450499999996,330188.8025741856,4156675.965516708,0.00019600000000000002
102,127.07787189999999,37.5414501,330188.63379375305,4156675.9245657427,0.00019600000000000002
103,127.07786979999999,37.541449899999996,330188.44779630855,4156675.906168069,0.00019600000000000002
104,127.07786779999999,37.541449799999995,330188.27086118236,4156675.8986856844,0.00019600000000000002
105,127.0778658,37.541449799999995,330188.0941529598,4156675.902299268,0.00019600000000000002
106,127.07786379999999,37.541449799999995,330187.91744473716,4156675.905912856,0.00019600000000000002
107,127.0778618,37.541449899999996,330187.74096342357,4156675.9206224126,0.00019600000000000002
108,127.07785969999999,37.541449899999996,330187.55541979015,4156675.9244166873,0.00019600000000000002
109,127.07785759999999,37.541449799999995,330187.36964924936,4156675.917115002,0.00019600000000000002
110,127.07785539999999,37.5414497,330187.175043297,4156675.909994002,0.00019600000000000002
111,127.0778533,37.5414494,330186.98881894164,4156675.880500395,0.00019600000000000002
112,127.07785109999999,37.541449,330186.79353226116,4156675.8400915093,0.00019600000000000002
113,127.077849,37.541448599999995,330186.607080994,4156675.799501945,0.00019600000000000002
114,127.0778469,37.5414482,330186.42062972265,4156675.758912387,0.00019600000000000002
115,127.07784489999999,37.5414475,330186.2423331339,4156675.684854257,0.00019600000000000002
116,127.0778429,37.5414469,330186.0642634531,4156675.6218920955,0.00019600000000000002
117,127.0778409,37.5414461,330185.8857399487,4156675.5367380083,0.00019600000000000002
118,127.0778392,37.5414452,330185.7334957676,4156675.439945914,0.00019600000000000002
119,127.07783719999999,37.541444399999996,330185.5549722555,4156675.3547918336,0.00019600000000000002
120,127.0778354,37.5414436,330185.39411956305,4156675.2692763936,0.00019600000000000002
121,127.0778335,37.541442599999996,330185.22397763736,4156675.161749707,0.00019600000000000002
122,127.07783169999999,37.5414417,330185.06289802724,4156675.065138308,0.00019600000000000002
123,127.07782999999999,37.541440699999995,330184.9104269169,4156674.957250264,0.00019600000000000002
124,127.0778284,37.541439499999996,330184.7663373933,4156674.8269896093,0.00019600000000000002
125,127.07782689999999,37.5414384,330184.6313101861,4156674.7076442405,0.00019600000000000002
126,127.0778253,37.5414372,330184.4872206539,4156674.5773835913,0.00019600000000000002
127,127.07782379999999,37.541436,330184.35196652747,4156674.446942262,0.00019600000000000002
128,127.07782239999999,37.5414348,330184.22554781183,4156674.3163202507,0.00019600000000000002
129,127.0778211,37.541433399999995,330184.10751068196,4156674.1633256283,0.00019600000000000002
130,127.07781969999999,37.541432,330183.9806381349,4156674.010511691,0.00019600000000000002
131,127.0778186,37.5414306,330183.8802718229,4156673.8571557044,0.00019600000000000002
132,127.0778175,37.541429099999995,330183.7796785954,4156673.692703754,0.00019600000000000002
133,127.0778163,37.5414277,330183.6704768627,4156673.539528454,0.00019600000000000002
134,127.0778153,37.541426099999995,330183.578492129,4156673.3637998565,0.00019600000000000002
135,127.07781449999999,37.5414245,330183.5041782197,4156673.1877098926,0.00019600000000000002
136,127.0778138,37.5414229,330183.4386997239,4156673.011439246,0.00019600000000000002
137,127.0778132,37.541421199999995,330183.38182972744,4156672.823891949,0.00019600000000000002
138,127.07781279999999,37.541419499999996,330183.3426305556,4156672.6359832846,0.00019600000000000002
139,127.0778125,37.5414177,330183.31203988683,4156672.436797973,0.00019600000000000002
140,127.0778124,37.5414159,330183.2991200469,4156672.237251291,0.00019600000000000002
141,127.0778125,37.5414142,330183.3040979496,4156672.0484392066,0.00019600000000000002
142,127.07781279999999,37.5414125,330183.32674668357,4156671.8592657526,0.00019600000000000002
143,127.07781279999999,37.5414108,330183.3228891722,4156671.6706343526,0.00019600000000000002
144,127.07781299999999,37.541409,330183.3364755801,4156671.470545619,0.00019600000000000002
145,127.0778132,37.5414074,330183.350515816,4156671.2926488146,0.00019600000000000002
146,127.0778131,37.5414057,330183.3378228897,4156671.1041980977,0.00019600000000000002
147,127.07781299999999,37.5414041,330183.3253568732,4156670.926843347,0.00019600000000000002
148,127.0778129,37.5414025,330183.31289085874,4156670.749488594,0.00019600000000000002
149,127.0778127,37.5414009,330183.29158942733,4156670.572314528,0.00019600000000000002
150,127.07781259999999,37.541399299999995,330183.2791234122,4156670.394959776,0.00019600000000000002
151,127.0778125,37.541397599999996,330183.26643048436,4156670.2065090593,0.00019600000000000002
152,127.0778124,37.5413959,330183.2537375564,4156670.018058344,0.00019600000000000002
153,127.07781209999999,37.5413943,330183.2236007032,4156669.841064961,0.00019600000000000002
154,127.077812,37.5413926,330183.2109077765,4156669.6526142447,0.00019600000000000002
155,127.07781179999999,37.541390799999995,330183.1891525146,4156669.453248249,0.00019600000000000002
156,127.07781159999999,37.541389099999996,330183.1676241668,4156669.2649782174,0.00019600000000000002
157,127.07781139999999,37.5413874,330183.1460958184,4156669.076708185,0.00019600000000000002
158,127.0778113,37.5413856,330183.1331759754,4156668.877161505,0.00019600000000000002
159,127.077811,37.5413839,330183.1028122071,4156668.689072158,0.00019600000000000002
160,127.0778108,37.5413821,330183.0810569441,4156668.4897061624,0.00019600000000000002
161,127.07781059999999,37.5413803,330183.0593016782,4156668.2903401665,0.00019600000000000002
162,127.0778103,37.5413786,330183.0289379071,4156668.1022508205,0.00019600000000000002
163,127.07781019999999,37.541376799999995,330183.01601806143,4156667.9027041392,0.00019600000000000002
164,127.07780989999999,37.541374999999995,330182.985427376,4156667.703518828,0.00019600000000000002
165,127.0778096,37.5413733,330182.95506360196,4156667.5154294814,0.00019600000000000002
166,127.07780939999999,37.5413715,330182.9333083323,4156667.3160634865,0.00019600000000000002
167,127.07780899999999,37.541369599999996,330182.8936553106,4156667.105962896,0.00019600000000000002
168,127.0778089,37.5413679,330182.88096237474,4156666.9175121794,0.00019600000000000002
169,127.0778086,37.5413661,330182.8503716841,4156666.71832687,0.00019600000000000002
170,127.0778083,37.5413643,330182.81978099246,4156666.5191415595,0.00019600000000000002
171,127.07780799999999,37.5413625,330182.78919029736,4156666.3199562496,0.00019600000000000002
172,127.0778077,37.5413607,330182.7585996035,4156666.120770939,0.00019600000000000002
173,127.0778074,37.5413589,330182.7280089085,4156665.9215856288,0.00019600000000000002
174,127.0778071,37.5413571,330182.6974182123,4156665.722400318,0.00019600000000000002
175,127.0778069,37.5413552,330182.6754360221,4156665.5119383587,0.00019600000000000002
176,127.07780659999999,37.5413534,330182.644845324,4156665.3127530487,0.00019600000000000002
177,127.0778062,37.5413515,330182.6051922893,4156665.1026524603,0.00019600000000000002
178,127.0778059,37.5413497,330182.57460158865,4156664.90346715,0.00019600000000000002
179,127.0778057,37.5413479,330182.55284630763,4156664.7041011555,0.00019600000000000002
180,127.0778055,37.541346,330182.53086411534,4156664.4936391963,0.00019600000000000002
181,127.07780509999999,37.5413442,330182.49143798836,4156664.294634572,0.00019600000000000002
182,127.07780489999999,37.5413423,330182.46945579187,4156664.084172614,0.00019600000000000002
183,127.0778046,37.5413405,330182.4388650861,4156663.884987305,0.00019600000000000002
184,127.0778043,37.541338599999996,330182.40804746613,4156663.6747060306,0.00019600000000000002
185,127.0778041,37.541336699999995,330182.38606526935,4156663.464244072,0.00019600000000000002
186,127.07780389999999,37.5413348,330182.36408307194,4156663.253782116,0.00019600000000000002
187,127.0778036,37.541333,330182.3334923598,4156663.054596807,0.00019600000000000002
188,127.0778033,37.5413311,330182.30267473566,4156662.844315534,0.00019600000000000002
189,127.0778031,37.5413293,330182.28091944876,4156662.6449495396,0.00019600000000000002
190,127.0778029,37.5413274,330182.258937248,4156662.4344875827,0.00019600000000000002
191,127.0778026,37.5413255,330182.2281196208,4156662.2242063098,0.00019600000000000002
192,127.0778024,37.5413237,330182.20636432944,4156662.0248403163,0.00019600000000000002
193,127.0778022,37.5413219,330182.18460903957,4156661.8254743237,0.00019600000000000002
194,127.07780199999999,37.5413199,330182.1623999225,4156661.6039164015,0.00019600000000000002
195,127.07780199999999,37.5413181,330182.1583154844,4156661.4041890386,0.00019600000000000002
196,127.0778017,37.5413162,330182.12749785284,4156661.193907765,0.00019600000000000002
197,127.0778016,37.541314299999996,330182.11435107415,4156660.9832651224,0.00019600000000000002
198,127.0778014,37.5413125,330182.09259578126,4156660.7838991303,0.00019600000000000002
199,127.0778014,37.541310599999996,330182.0882844293,4156660.5730758025,0.00019600000000000002
200,127.0778014,37.541308699999995,330182.0839730775,4156660.362252476,0.00019600000000000002
201,127.07780149999999,37.5413068,330182.0884971537,4156660.1512484644,0.00019600000000000002
202,127.0778017,37.541305,330182.10208357184,4156659.9511597306,0.00019600000000000002
203,127.07780179999999,37.541303299999996,330182.107061476,4156659.762347648,0.00019600000000000002
204,127.07780199999999,37.541301499999996,330182.12064789596,4156659.5622589146,0.00019600000000000002
205,127.0778022,37.5412998,330182.13446123013,4156659.373266147,0.00019600000000000002
206,127.07780229999999,37.541298,330182.13921222324,4156659.1733581,0.00019600000000000002
207,127.0778024,37.5412963,330182.14419012994,4156658.984546017,0.00019600000000000002
208,127.0778029,37.5412944,330182.1840559308,4156658.7728192653,0.00019600000000000002
209,127.07780319999999,37.5412927,330182.2067046986,4156658.583645813,0.00019600000000000002
210,127.0778038,37.5412909,330182.2556328464,4156658.382834341,0.00019600000000000002
211,127.07780439999999,37.5412892,330182.30478790746,4156658.1931188353,0.00019600000000000002
212,127.0778053,37.541287499999996,330182.38044926384,4156658.002861274,0.00019600000000000002
213,127.0778062,37.5412858,330182.4561106239,4156657.8126037167,0.00019600000000000002
214,127.07780729999999,37.5412841,330182.5494428467,4156657.621984788,0.00019600000000000002
215,127.0778089,37.5412822,330182.68649840786,4156657.4082705094,0.00019600000000000002
216,127.0778103,37.5412806,330182.8065638483,4156657.2282054992,0.00019600000000000002
217,127.077812,37.541278999999996,330182.9531355898,4156657.0475984355,0.00019600000000000002
218,127.07781399999999,37.5412775,330183.12644054124,4156656.877545288,0.00019600000000000002
219,127.077816,37.541275999999996,330183.29974550207,4156656.707492144,0.00019600000000000002
220,127.0778184,37.541274699999995,330183.5088460189,4156656.558908199,0.00019600000000000002
221,127.0778208,37.5412739,330183.71908109705,4156656.4658040837,0.00019600000000000002
222,127.0778234,37.5412728,330183.94630631193,4156656.339050713,0.00019600000000000002
223,127.07782599999999,37.5412722,330184.17466608435,4156656.267777173,0.00019600000000000002
224,127.0778287,37.541271699999996,330184.4120882044,4156656.2074189195,0.00019600000000000002
225,127.07783149999999,37.5412713,330184.658572667,4156656.157975956,0.00019600000000000002
226,127.07783429999999,37.541271099999996,330184.90551095037,4156656.1307249274,0.00019600000000000002
227,127.0778369,37.541271,330185.13500528195,4156656.114931236,0.00019600000000000002
228,127.0778397,37.541271,330185.38239738444,4156656.1098721516,0.00019600000000000002
229,127.0778423,37.5412708,330185.6116648063,4156656.082982508,0.00019600000000000002
230,127.077845,37.5412707,330185.8499945693,4156656.067008155,0.00019600000000000002
231,127.0778476,37.5412707,330186.07971581054,4156656.0623104535,0.00019600000000000002
232,127.0778503,37.5412709,330186.3187262961,4156656.0796240075,0.00019600000000000002
233,127.0778531,37.5412709,330186.56611839845,4156656.074564958,0.00019600000000000002
234,127.0778557,37.5412712,330186.7965203587,4156656.103155168,0.00019600000000000002
235,127.0778582,37.5412713,330187.0176330702,4156656.1097341385,0.00019600000000000002
236,127.0778608,37.5412716,330187.24803502497,4156656.1383243627,0.00019600000000000002
237,127.0778636,37.5412719,330187.4961078417,4156656.166553235,0.00019600000000000002
238,127.0778663,37.5412722,330187.7353452245,4156656.194962793,0.00019600000000000002
239,127.0778689,37.5412725,330187.9657471757,4156656.223553036,0.00019600000000000002
240,127.0778715,37.5412727,330188.19592221786,4156656.2410473228,0.00019600000000000002
241,127.07787409999999,37.5412732,330188.42677797214,4156656.291829508,0.00019600000000000002
242,127.0778768,37.541273499999996,330188.6660153467,4156656.3202390927,0.00019600000000000002
243,127.0778795,37.5412739,330188.90547962533,4156656.3597446484,0.00019600000000000002
244,127.0778821,37.541274099999995,330189.1356546604,4156656.37723896,0.00019600000000000002
245,127.07788479999999,37.5412746,330189.3753458354,4156656.4278404946,0.00019600000000000002
246,127.07788719999999,37.5412752,330189.5887576155,4156656.4900800297,0.00019600000000000002
247,127.0778898,37.5412756,330189.81938644964,4156656.5297662886,0.00019600000000000002
248,127.0778924,37.5412763,330190.0506959906,4156656.602740448,0.00019600000000000002
249,127.077895,37.5412769,330190.2817786229,4156656.6646186486,0.00019600000000000002
250,127.0778976,37.5412774,330190.5126343497,4156656.715400891,0.00019600000000000002
251,127.07790019999999,37.5412781,330190.7439438762,4156656.7883750694,0.00019600000000000002
252,127.0779027,37.5412787,330190.9661910661,4156656.8504339634,0.00019600000000000002
253,127.07790519999999,37.5412793,330191.18843825243,4156656.9124928648,0.00019600000000000002
254,127.0779077,37.54128,330191.4109123357,4156656.9856477357,0.00019600000000000002
255,127.0779103,37.5412806,330191.64199494757,4156657.047525974,0.00019600000000000002
256,127.0779128,37.5412813,330191.8644690226,4156657.120680856,0.00019600000000000002
257,127.0779153,37.5412821,330192.08716999314,4156657.2049317085,0.00019600000000000002
258,127.07791789999999,37.5412827,330192.3182525907,4156657.2668099655,0.00019600000000000002
259,127.07792049999999,37.541283299999996,330192.54933518457,4156657.3286882276,0.00019600000000000002
260,127.0779228,37.541284,330192.75413838215,4156657.402204482,0.00019600000000000002
261,127.0779254,37.5412848,330192.9856747653,4156657.4862746852,0.00019600000000000002
262,127.0779278,37.5412855,330193.19931338495,4156657.559610276,0.00019600000000000002
263,127.0779304,37.5412861,330193.4303959651,4156657.621488563,0.00019600000000000002
264,127.0779328,37.5412868,330193.6440345767,4156657.6948241657,0.00019600000000000002
265,127.0779353,37.5412874,330193.866281717,4156657.7568831374,0.00019600000000000002
266,127.07793769999999,37.541288099999996,330194.0799203208,4156657.83021875,0.00019600000000000002
267,127.0779402,37.5412889,330194.3026212471,4156657.914469661,0.00019600000000000002
268,127.0779427,37.5412897,330194.5253221687,4156657.9987205784,0.00019600000000000002
269,127.07794489999999,37.5412904,330194.72128990036,4156658.0724175517,0.00019600000000000002
270,127.07794729999999,37.541291199999996,330194.9351553834,4156658.156849151,0.00019600000000000002
271,127.0779494,37.5412921,330195.12274146924,4156658.2529187337,0.00019600000000000002
272,127.07795159999999,37.541292999999996,330195.3191629776,4156658.3488076488,0.00019600000000000002
273,127.0779539,37.5412939,330195.52441991284,4156658.444515898,0.00019600000000000002
274,127.077956,37.541294799999996,330195.71200598485,4156658.540585493,0.00019600000000000002
275,127.077958,37.5412959,330195.8912104127,4156658.6590276924,0.00019600000000000002
276,127.0779601,37.5412969,330196.0790233698,4156658.7661932595,0.00019600000000000002
277,127.07796219999999,37.541297799999995,330196.26660942554,4156658.8622628674,0.00019600000000000002
278,127.07796429999999,37.5412988,330196.454422373,4156658.969428443,0.00019600000000000002
279,127.07796619999999,37.5412999,330196.6247913522,4156659.088051327,0.00019600000000000002
280,127.0779683,37.541300799999995,330196.81237739616,4156659.184120946,0.00019600000000000002
281,127.07797029999999,37.5413019,330196.99158179166,4156659.3025631662,0.00019600000000000002
282,127.07797219999999,37.5413031,330197.1621776492,4156659.4322820255,0.00019600000000000002
283,127.0779742,37.5413041,330197.3411551436,4156659.5396282887,0.00019600000000000002
284,127.0779762,37.541305099999995,330197.52013263106,4156659.646974557,0.00019600000000000002
285,127.07797819999999,37.541306299999995,330197.6995639008,4156659.776512757,0.00019600000000000002
286,127.07798,37.541307599999996,330197.8615512018,4156659.9175082613,0.00019600000000000002
287,127.0779819,37.541308799999996,330198.0321470306,4156660.047227137,0.00019600000000000002
288,127.07798369999999,37.5413099,330198.19368053507,4156660.1660307194,0.00019600000000000002
289,127.07798559999999,37.541311199999996,330198.3645032472,4156660.306845565,0.00019600000000000002
290,127.07798749999999,37.5413125,330198.5353259536,4156660.4476604145,0.00019600000000000002
291,127.0779893,37.541313699999996,330198.697086334,4156660.5775599717,0.00019600000000000002
292,127.0779912,37.541315,330198.86790902924,4156660.7183748265,0.00019600000000000002
293,127.0779929,37.5413162,330199.0208339726,4156660.848455056,0.00019600000000000002
294,127.0779949,37.5413174,330199.20026519266,4156660.9779932867,0.00019600000000000002
295,127.0779968,37.5413186,330199.37086098077,4156661.1077121887,0.00019600000000000002
296,127.0779984,37.5413201,330199.5156311531,4156661.271260986,0.00019600000000000002
297,127.07800019999999,37.5413214,330199.6776183919,4156661.4122565244,0.00019600000000000002
298,127.078002,37.541322699999995,330199.8396056276,4156661.553252065,0.00019600000000000002
299,127.07800379999999,37.541323999999996,330200.00159285543,4156661.694247611,0.00019600000000000002
300,127.07800549999999,37.5413254,330200.1549715438,4156661.8465197887,0.00019600000000000002
301,127.07800719999999,37.5413268,330200.30835022446,4156661.9987919694,0.00019600000000000002
302,127.0780087,37.541328299999996,330200.4442849405,4156662.1625214466,0.00019600000000000002
303,127.07801029999999,37.5413297,330200.58882818517,4156662.314974297,0.00019600000000000002
304,127.07801189999999,37.5413311,330200.73337142466,4156662.4674271517,0.00019600000000000002
305,127.0780133,37.541332499999996,330200.8602438121,4156662.6202413365,0.00019600000000000002
306,127.07801479999999,37.5413338,330200.9957247289,4156662.761778895,0.00019600000000000002
307,127.0780162,37.5413351,330201.1223702169,4156662.90349712,0.00019600000000000002
308,127.07801749999999,37.5413366,330201.2406340522,4156663.067587941,0.00019600000000000002
309,127.07801889999999,37.541337899999995,330201.36727953155,4156663.209306171,0.00019600000000000002
310,127.07802009999999,37.5413393,330201.47648104676,4156663.362481694,0.00019600000000000002
311,127.0780214,37.5413406,330201.59429109644,4156663.504380591,0.00019600000000000002
312,127.0780228,37.5413419,330201.7209365634,4156663.646098825,0.00019600000000000002
313,127.078024,37.541343399999995,330201.8303649538,4156663.810370317,0.00019600000000000002
314,127.0780254,37.541344699999996,330201.95701041224,4156663.9520885553,0.00019600000000000002
315,127.0780267,37.541346,330202.0748204435,4156664.093987458,0.00019600000000000002
316,127.07802799999999,37.5413475,330202.19308424427,4156664.2580782925,0.00019600000000000002
317,127.07802939999999,37.5413488,330202.31972969,4156664.399796535,0.00019600000000000002
318,127.0780307,37.5413503,330202.4379934817,4156664.563887371,0.00019600000000000002
319,127.078032,37.5413517,330202.55603038275,4156664.716882244,0.00019600000000000002
320,127.0780334,37.541353099999995,330202.6829027039,4156664.869696456,0.00019600000000000002
321,127.0780346,37.541354399999996,330202.79187728843,4156665.0117760315,0.00019600000000000002
322,127.078036,37.5413559,330202.91897648457,4156665.1756862123,0.00019600000000000002
323,127.07803729999999,37.5413572,330203.0367864829,4156665.317585127,0.00019600000000000002
324,127.0780386,37.541358699999996,330203.15505024826,4156665.4816759736,0.00019600000000000002
325,127.0780399,37.5413601,330203.27308712376,4156665.634670857,0.00019600000000000002
326,127.0780413,37.5413615,330203.3999594162,4156665.7874850784,0.00019600000000000002
327,127.0780427,37.5413631,330203.52728547633,4156665.9624912315,0.00019600000000000002
328,127.0780441,37.5413646,330203.65438464424,4156666.126401422,0.00019600000000000002
329,127.0780454,37.5413662,330203.7728752713,4156666.3015882405,0.00019600000000000002
330,127.0780468,37.541367699999995,330203.8999744294,4156666.4654984325,0.00019600000000000002
331,127.0780482,37.5413692,330204.02707358263,4156666.629408629,0.00019600000000000002
332,127.0780497,37.541370799999996,330204.16323503526,4156666.804234129,0.00019600000000000002
333,127.07805119999999,37.5413724,330204.29939648224,4156666.97905963,0.00019600000000000002
334,127.07805259999999,37.5413741,330204.4269493902,4156667.16516176,0.00019600000000000002
335,127.0780539,37.541375699999996,330204.5454399873,4156667.3403485883,0.00019600000000000002
336,127.07805529999999,37.5413773,330204.67276599887,4156667.515354758,0.00019600000000000002
337,127.0780566,37.5413789,330204.7912565862,4156667.6905415882,0.00019600000000000002
338,127.07805789999999,37.5413807,330204.9102009352,4156667.8879203503,0.00019600000000000002
339,127.07805929999999,37.541382299999995,330205.03752693126,4156668.062926525,0.00019600000000000002
340,127.0780607,37.5413839,330205.16485292435,4156668.237932701,0.00019600000000000002
341,127.0780619,37.5413855,330205.27450807346,4156668.4133002,0.00019600000000000002
342,127.07806319999999,37.541387199999996,330205.3932255168,4156668.5995830037,0.00019600000000000002
343,127.07806459999999,37.5413887,330205.52032461215,4156668.7634932213,0.00019600000000000002
344,127.0780657,37.541390299999996,330205.6211443298,4156668.939041385,0.00019600000000000002
345,127.0780671,37.5413918,330205.7482434135,4156669.102951604,0.00019600000000000002
346,127.0780683,37.5413932,330205.85744477564,4156669.2561271815,0.00019600000000000002
347,127.0780698,37.541394499999996,330205.9929255033,4156669.3976648157,0.00019600000000000002
348,127.0780712,37.5413959,330206.11979769357,4156669.5504790773,0.00019600000000000002
349,127.0780729,37.541396999999996,330206.2724954826,4156669.6694634682,0.00019600000000000002
350,127.0780746,37.541398099999995,330206.42519326723,4156669.7884478606,0.00019600000000000002
351,127.0780762,37.5413991,330206.5688287519,4156669.896516952,0.00019600000000000002
352,127.07807799999999,37.5414002,330206.73036194453,4156670.0153206903,0.00019600000000000002
353,127.0780795,37.5414013,330206.8653888857,4156670.134666411,0.00019600000000000002
354,127.07808109999999,37.5414023,330207.0090243564,4156670.2427355098,0.00019600000000000002
355,127.0780829,37.5414032,330207.170103775,4156670.3393473276,0.00019600000000000002
356,127.0780846,37.5414041,330207.32234777603,4156670.43613981,0.00019600000000000002
357,127.0780863,37.5414047,330207.4739111309,4156670.499644399,0.00019600000000000002
358,127.078088,37.541405399999995,330207.6257013654,4156670.574244956,0.00019600000000000002
359,127.0780898,37.541405999999995,330207.78610013105,4156670.6375688924,0.00019600000000000002
360,127.0780916,37.541406699999996,330207.94672577584,4156670.711988799,0.00019600000000000002
361,127.0780935,37.541407299999996,330208.11595995177,4156670.775132084,0.00019600000000000002
362,127.0780954,37.5414076,330208.2845134901,4156670.804987482,0.00019600000000000002
363,127.07809689999999,37.541407899999996,330208.4177253626,4156670.8355655107,0.00019600000000000002
364,127.07809879999999,37.5414082,330208.58627889835,4156670.865420913,0.00019600000000000002
365,127.0781006,37.5414082,330208.7453163798,4156670.862169083,0.00019600000000000002
366,127.0781021,37.5414081,330208.8776207386,4156670.8483632626,0.00019600000000000002
367,127.07810389999999,37.5414082,330209.03688509815,4156670.856207403,0.00019600000000000002
368,127.0781057,37.5414081,330209.19569570385,4156670.841859617,0.00019600000000000002
369,127.07810749999999,37.5414081,330209.35473318526,4156670.838607799,0.000225
370,127.0781093,37.541407899999996,330209.51331691415,4156670.8131640563,0.00019600000000000002
371,127.0781111,37.541408,330209.67258127313,4156670.8210082077,0.000225
372,127.07811269999999,37.5414077,330209.8132672927,4156670.784829818,0.000225
373,127.0781147,37.5414078,330209.9902024849,4156670.792312665,0.000225
374,127.07811629999999,37.5414076,330210.13111538254,4156670.7672302453,0.000225
375,127.0781181,37.5414077,330210.2903797434,4156670.7750744084,0.000256
376,127.0781196,37.5414075,330210.42245722644,4156670.7501726495,0.00028900000000000003
377,127.078121,37.5414075,330210.5461530488,4156670.747643476,0.000361
378,127.07812229999999,37.5414075,330210.66101345106,4156670.745294959,0.000225
379,127.0781231,37.5414076,330210.73192365357,4156670.7549456833,0.000225
380,127.0781239,37.5414077,330210.80283385585,4156670.764596407,0.00019600000000000002
381,127.0781243,37.5414077,330210.838175518,4156670.763873787,0.00019600000000000002
382,127.0781245,37.5414076,330210.8556194757,4156670.752416514,0.00019600000000000002
383,127.07812469999999,37.5414077,330210.8735171801,4156670.7631511674,0.00019600000000000002
384,127.07812469999999,37.5414077,330210.8735171801,4156670.7631511674,0.000225
385,127.07812469999999,37.5414076,330210.87329030456,4156670.752055204,0.000225
386,127.0781246,37.5414076,330210.8644548913,4156670.7522358587,0.000225
387,127.0781246,37.5414076,330210.8644548913,4156670.7522358587,0.00019600000000000002
388,127.0781245,37.5414076,330210.8556194757,4156670.752416514,0.00019600000000000002
389,127.0781246,37.5414076,330210.8644548913,4156670.7522358587,0.00019600000000000002
390,127.0781245,37.5414076,330210.8556194757,4156670.752416514,0.000225
391,127.0781245,37.5414076,330210.8556194757,4156670.752416514,0.000225
392,127.0781246,37.5414075,330210.86422801565,4156670.7411398944,0.000225
393,127.0781245,37.5414076,330210.8556194757,4156670.752416514,0.000225
394,127.0781246,37.5414076,330210.8644548913,4156670.7522358587,0.00019600000000000002
395,127.0781244,37.5414076,330210.8467840579,4156670.7525971686,0.00019600000000000002
396,127.0781245,37.5414076,330210.8556194757,4156670.752416514,0.00019600000000000002
397,127.0781244,37.5414076,330210.8467840579,4156670.7525971686,0.00019600000000000002
398,127.0781244,37.5414076,330210.8467840579,4156670.7525971686,0.00019600000000000002
399,127.0781244,37.5414075,330210.8465571823,4156670.741501204,0.00019600000000000002
400,127.0781245,37.5414075,330210.8553926001,4156670.741320549,0.00019600000000000002
401,127.0781244,37.5414075,330210.8465571823,4156670.741501204,0.00019600000000000002
