index,Long,Lat,UTM_X,UTM_Y,Cov_00
0,126.314479,33.305557,249961.5167,3688380.89200000,0.00000000
1,126.31448,33.305558,249961.6204,3688381.05600000,0.00000000
2,126.314481,33.30556,249961.7151,3688381.22300000,0.00000000
3,126.314482,33.305561,249961.8217,3688381.38800000,0.00000000
4,126.314483,33.305563,249961.9135,3688381.55100000,0.00000000
5,126.314484,33.305564,249962.0146,3688381.71800000,0.00000000
6,126.314485,33.305566,249962.1167,3688381.87600000,0.00000000
7,126.314487,33.305567,249962.2226,3688382.03900000,0.00000000
8,126.314488,33.305569,249962.3302,3688382.20600000,0.00000000
9,126.314488,33.30557,249962.4128,3688382.38700000,0.00000000
10,126.314489,33.305572,249962.5017,3688382.56300000,0.00000000
11,126.31449,33.305574,249962.5793,3688382.72900000,0.00000000
12,126.314491,33.305575,249962.6552,3688382.90800000,0.00000000
13,126.314492,33.305577,249962.7363,3688383.08900000,0.00000000
14,126.314493,33.305579,249962.8118,3688383.27300000,0.00000000
15,126.314493,33.30558,249962.8827,3688383.46000000,0.00000000
16,126.314494,33.305582,249962.9613,3688383.63900000,0.00000000
17,126.314495,33.305584,249963.0251,3688383.82100000,0.00000000
18,126.314495,33.305585,249963.0807,3688384.00200000,0.00000000
19,126.314496,33.305587,249963.1496,3688384.18000000,0.00000000
20,126.314497,33.305588,249963.2367,3688384.35700000,0.00000000
21,126.314497,33.30559,249963.294,3688384.54700000,0.00000000
22,126.314498,33.305592,249963.348,3688384.72700000,0.00000000
23,126.314498,33.305593,249963.4062,3688384.91600000,0.00000000
24,126.314499,33.305595,249963.4568,3688385.10700000,0.00000000
25,126.314499,33.305597,249963.4891,3688385.29300000,0.00000000
26,126.3145,33.305599,249963.5318,3688385.48700000,0.00000000
27,126.3145,33.3056,249963.5724,3688385.67100000,0.00000000
28,126.3145,33.305602,249963.6066,3688385.85100000,0.00000000
29,126.314501,33.305604,249963.6383,3688386.04100000,0.00000000
30,126.314501,33.305605,249963.6684,3688386.22500000,0.00000000
31,126.314501,33.305607,249963.6983,3688386.41700000,0.00000000
32,126.314501,33.305609,249963.7298,3688386.60700000,0.00000000
33,126.314502,33.30561,249963.7597,3688386.79600000,0.00000000
34,126.314502,33.305612,249963.7842,3688386.99400000,0.00000000
35,126.314502,33.305614,249963.8076,3688387.19000000,0.00000000
36,126.314502,33.305616,249963.8363,3688387.37300000,0.00000000
37,126.314503,33.305617,249963.8686,3688387.56700000,0.00000000
38,126.314503,33.305619,249963.8869,3688387.76500000,0.00000000
39,126.314503,33.305621,249963.9056,3688387.96200000,0.00000000
40,126.314503,33.305623,249963.9298,3688388.14500000,0.00000000
41,126.314503,33.305624,249963.9554,3688388.33600000,0.00000000
42,126.314504,33.305626,249963.9735,3688388.52700000,0.00000000
43,126.314504,33.305628,249964.0033,3688388.71900000,0.00000000
44,126.314504,33.30563,249964.0338,3688388.91500000,0.00000000
45,126.314504,33.305631,249964.0562,3688389.11200000,0.00000000
46,126.314504,33.305633,249964.0724,3688389.29800000,0.00000000
47,126.314504,33.305635,249964.0892,3688389.48500000,0.00000000
48,126.314505,33.305637,249964.1062,3688389.68200000,0.00000000
49,126.314505,33.305638,249964.1223,3688389.86900000,0.00000000
50,126.314505,33.30564,249964.1353,3688390.05200000,0.00000000
51,126.314505,33.305642,249964.1394,3688390.24300000,0.00000000
52,126.314505,33.305643,249964.1319,3688390.43600000,0.00000000
53,126.314505,33.305645,249964.1347,3688390.63200000,0.00000000
54,126.314505,33.305647,249964.1481,3688390.82900000,0.00000000
55,126.314505,33.305649,249964.1663,3688391.01900000,0.00000000
56,126.314505,33.30565,249964.1848,3688391.21500000,0.00000000
57,126.314505,33.305652,249964.203,3688391.40600000,0.00000000
58,126.314505,33.305654,249964.2328,3688391.59800000,0.00000000
59,126.314506,33.305656,249964.2528,3688391.79500000,0.00000000
60,126.314506,33.305657,249964.2702,3688391.99300000,0.00000000
61,126.314506,33.305659,249964.2835,3688392.18600000,0.00000000
62,126.314506,33.305661,249964.2885,3688392.38200000,0.00000000
63,126.314506,33.305663,249964.303,3688392.57600000,0.00000000
64,126.314506,33.305664,249964.3192,3688392.77500000,0.00000000
65,126.314506,33.305666,249964.3343,3688392.96900000,0.00000000
66,126.314506,33.305668,249964.3283,3688393.16800000,0.00000000
67,126.314506,33.30567,249964.3148,3688393.36000000,0.00000000
68,126.314506,33.305671,249964.2939,3688393.55100000,0.00000000
69,126.314505,33.305673,249964.2657,3688393.73500000,0.00000000
70,126.314505,33.305675,249964.2431,3688393.92400000,0.00000000
71,126.314505,33.305676,249964.2149,3688394.11100000,0.00000000
72,126.314504,33.305678,249964.1879,3688394.29600000,0.00000000
73,126.314504,33.30568,249964.1627,3688394.49000000,0.00000000
74,126.314503,33.305682,249964.1286,3688394.68300000,0.00000000
75,126.314503,33.305683,249964.1087,3688394.87600000,0.00000000
76,126.314503,33.305685,249964.0809,3688395.06800000,0.00000000
77,126.314502,33.305687,249964.0472,3688395.25500000,0.00000000
78,126.314502,33.305688,249964.0076,3688395.44600000,0.00000000
79,126.314502,33.30569,249963.9806,3688395.63700000,0.00000000
80,126.314501,33.305692,249963.9519,3688395.83000000,0.00000000
81,126.314501,33.305694,249963.9227,3688396.02400000,0.00000000
82,126.314501,33.305695,249963.8948,3688396.22100000,0.00000000
83,126.3145,33.305697,249963.8702,3688396.40700000,0.00000000
84,126.3145,33.305699,249963.8411,3688396.59600000,0.00000000
85,126.314499,33.3057,249963.8019,3688396.78000000,0.00000000
86,126.314499,33.305702,249963.7539,3688396.97400000,0.00000000
87,126.314498,33.305704,249963.7082,3688397.16900000,0.00000000
88,126.314498,33.305706,249963.6669,3688397.36000000,0.00000000
89,126.314497,33.305707,249963.6186,3688397.55200000,0.00000000
90,126.314497,33.305709,249963.5746,3688397.74500000,0.00000000
91,126.314496,33.305711,249963.5308,3688397.93600000,0.00000000
92,126.314496,33.305712,249963.4807,3688398.12000000,0.00000000
93,126.314495,33.305714,249963.4362,3688398.30900000,0.00000000
94,126.314494,33.305716,249963.384,3688398.49000000,0.00000000
95,126.314494,33.305717,249963.3248,3688398.67300000,0.00000000
96,126.314493,33.305719,249963.2747,3688398.85700000,0.00000000
97,126.314493,33.305721,249963.2226,3688399.04900000,0.00000000
98,126.314492,33.305722,249963.1713,3688399.23800000,0.00000000
99,126.314491,33.305724,249963.1192,3688399.42900000,0.00000000
100,126.31449,33.305726,249963.0428,3688399.61100000,0.00000000
101,126.31449,33.305727,249962.9833,3688399.79500000,0.00000000
102,126.314489,33.305729,249962.9312,3688399.98300000,0.00000000
103,126.314489,33.305731,249962.8779,3688400.16400000,0.00000000
104,126.314488,33.305732,249962.8155,3688400.35300000,0.00000000
105,126.314487,33.305734,249962.7534,3688400.54100000,0.00000000
106,126.314486,33.305736,249962.6927,3688400.72200000,0.00000000
107,126.314486,33.305737,249962.6265,3688400.90700000,0.00000000
108,126.314485,33.305739,249962.5613,3688401.08900000,0.00000000
109,126.314484,33.305741,249962.494,3688401.27000000,0.00000000
110,126.314483,33.305742,249962.4258,3688401.44500000,0.00000000
111,126.314482,33.305744,249962.3492,3688401.62600000,0.00000000
112,126.314482,33.305745,249962.2825,3688401.81100000,0.00000000
113,126.314481,33.305747,249962.2215,3688401.98500000,0.00000000
114,126.31448,33.305749,249962.1484,3688402.15900000,0.00000000
115,126.314479,33.30575,249962.0713,3688402.33000000,0.00000000
116,126.314478,33.305752,249961.9874,3688402.49800000,0.00000000
117,126.314477,33.305753,249961.8938,3688402.66900000,0.00000000
118,126.314476,33.305755,249961.7984,3688402.84300000,0.00000000
119,126.314475,33.305756,249961.709,3688403.01900000,0.00000000
120,126.314474,33.305758,249961.6288,3688403.18200000,0.00000000
121,126.314473,33.305759,249961.5385,3688403.35300000,0.00000000
122,126.314472,33.305761,249961.4463,3688403.52300000,0.00000000
123,126.314471,33.305762,249961.3592,3688403.68200000,0.00000000
124,126.31447,33.305764,249961.2637,3688403.85600000,0.00000000
125,126.314469,33.305765,249961.1725,3688404.02900000,0.00000000
126,126.314468,33.305767,249961.0798,3688404.20100000,0.00000000
127,126.314467,33.305768,249960.9848,3688404.37600000,0.00000000
128,126.314466,33.30577,249960.8929,3688404.55100000,0.00000000
129,126.314465,33.305771,249960.7892,3688404.72200000,0.00000000
130,126.314464,33.305773,249960.6881,3688404.89000000,0.00000000
131,126.314463,33.305774,249960.5926,3688405.04800000,0.00000000
132,126.314461,33.305776,249960.4869,3688405.20700000,0.00000000
133,126.31446,33.305777,249960.3855,3688405.37300000,0.00000000
134,126.314459,33.305778,249960.2869,3688405.53200000,0.00000000
135,126.314458,33.30578,249960.1824,3688405.70000000,0.00000000
136,126.314457,33.305781,249960.0912,3688405.86400000,0.00000000
137,126.314456,33.305783,249960.0078,3688406.03600000,0.00000000
138,126.314455,33.305784,249959.925,3688406.20700000,0.00000000
139,126.314454,33.305786,249959.8401,3688406.37600000,0.00000000
140,126.314453,33.305788,249959.7475,3688406.55100000,0.00000000
141,126.314452,33.305789,249959.6531,3688406.72300000,0.00000000
142,126.314451,33.305791,249959.5574,3688406.88500000,0.00000000
143,126.31445,33.305792,249959.4584,3688407.04800000,0.00000000
144,126.314449,33.305793,249959.3563,3688407.22000000,0.00000000
145,126.314448,33.305795,249959.2529,3688407.37900000,0.00000000
146,126.314447,33.305796,249959.1556,3688407.54100000,0.00000000
147,126.314446,33.305798,249959.0614,3688407.71400000,0.00000000
148,126.314444,33.305799,249958.9558,3688407.87400000,0.00000000
149,126.314443,33.305801,249958.846,3688408.03900000,0.00000000
150,126.314442,33.305802,249958.7379,3688408.20300000,0.00000000
151,126.314441,33.305804,249958.6281,3688408.36800000,0.00000000
152,126.314439,33.305805,249958.5045,3688408.52400000,0.00000000
153,126.314438,33.305806,249958.3848,3688408.67400000,0.00000000
154,126.314437,33.305808,249958.2634,3688408.83000000,0.00000000
155,126.314435,33.305809,249958.1468,3688408.99000000,0.00000000
156,126.314434,33.30581,249958.0307,3688409.13800000,0.00000000
157,126.314433,33.305812,249957.9068,3688409.28700000,0.00000000
158,126.314431,33.305813,249957.7799,3688409.43300000,0.00000000
159,126.31443,33.305814,249957.6504,3688409.58200000,0.00000000
160,126.314428,33.305816,249957.5194,3688409.73200000,0.00000000
161,126.314427,33.305817,249957.3865,3688409.88100000,0.00000000
162,126.314425,33.305818,249957.251,3688410.02300000,0.00000000
163,126.314424,33.305819,249957.1184,3688410.16200000,0.00000000
164,126.314422,33.305821,249956.9821,3688410.30500000,0.00000000
165,126.314421,33.305822,249956.8529,3688410.44200000,0.00000000
166,126.31442,33.305823,249956.7174,3688410.58400000,0.00000000
167,126.314418,33.305824,249956.5844,3688410.73300000,0.00000000
168,126.314417,33.305826,249956.4533,3688410.87900000,0.00000000
169,126.314415,33.305827,249956.3175,3688411.02000000,0.00000000
170,126.314414,33.305828,249956.1757,3688411.16000000,0.00000000
171,126.314412,33.305829,249956.0329,3688411.29600000,0.00000000
172,126.31441,33.305831,249955.8918,3688411.42600000,0.00000000
173,126.314409,33.305832,249955.749,3688411.55000000,0.00000000
174,126.314407,33.305833,249955.6129,3688411.66500000,0.00000000
175,126.314406,33.305834,249955.4556,3688411.78900000,0.00000000
176,126.314404,33.305835,249955.3083,3688411.90100000,0.00000000
177,126.314402,33.305836,249955.158,3688412.01200000,0.00000000
178,126.314401,33.305837,249955.0112,3688412.13200000,0.00000000
179,126.314399,33.305838,249954.86,3688412.25500000,0.00000000
180,126.314398,33.305839,249954.7095,3688412.36900000,0.00000000
181,126.314396,33.30584,249954.5626,3688412.48500000,0.00000000
182,126.314394,33.305841,249954.4215,3688412.59900000,0.00000000
183,126.314393,33.305842,249954.271,3688412.72100000,0.00000000
184,126.314391,33.305843,249954.1215,3688412.84100000,0.00000000
185,126.314389,33.305844,249953.9683,3688412.95900000,0.00000000
186,126.314388,33.305845,249953.8106,3688413.07100000,0.00000000
187,126.314386,33.305846,249953.643,3688413.17700000,0.00000000
188,126.314384,33.305847,249953.4879,3688413.29700000,0.00000000
189,126.314383,33.305848,249953.3399,3688413.42300000,0.00000000
190,126.314381,33.305849,249953.1894,3688413.54400000,0.00000000
191,126.314379,33.30585,249953.0302,3688413.65400000,0.00000000
192,126.314377,33.305851,249952.8707,3688413.76400000,0.00000000
193,126.314376,33.305852,249952.713,3688413.87600000,0.00000000
194,126.314374,33.305853,249952.5484,3688413.98000000,0.00000000
195,126.314372,33.305854,249952.3844,3688414.08400000,0.00000000
196,126.31437,33.305855,249952.2255,3688414.18000000,0.00000000
197,126.314369,33.305855,249952.0591,3688414.27100000,0.00000000
198,126.314367,33.305856,249951.8833,3688414.36000000,0.00000000
199,126.314365,33.305857,249951.7171,3688414.45300000,0.00000000
200,126.314363,33.305858,249951.5486,3688414.55300000,0.00000000
201,126.314361,33.305859,249951.3864,3688414.64800000,0.00000000
202,126.314359,33.305859,249951.2202,3688414.75200000,0.00000000
203,126.314358,33.30586,249951.0542,3688414.85000000,0.00000000
204,126.314356,33.305861,249950.8938,3688414.93900000,0.00000000
205,126.314354,33.305862,249950.7219,3688415.03200000,0.00000000
206,126.314352,33.305863,249950.5464,3688415.12700000,0.00000000
207,126.31435,33.305863,249950.3772,3688415.21900000,0.00000000
208,126.314348,33.305864,249950.2136,3688415.30500000,0.00000000
209,126.314347,33.305865,249950.0401,3688415.38800000,0.00000000
210,126.314345,33.305866,249949.8689,3688415.47200000,0.00000000
211,126.314343,33.305866,249949.699,3688415.55500000,0.00000000
212,126.314341,33.305867,249949.5247,3688415.63700000,0.00000000
213,126.314339,33.305868,249949.3494,3688415.71700000,0.00000000
214,126.314337,33.305868,249949.1859,3688415.79000000,0.00000000
215,126.314335,33.305869,249949.0146,3688415.85000000,0.00000000
216,126.314334,33.305869,249948.8363,3688415.90500000,0.00000000
217,126.314332,33.30587,249948.662,3688415.97400000,0.00000000
218,126.31433,33.30587,249948.4868,3688416.04600000,0.00000000
219,126.314328,33.305871,249948.3046,3688416.12400000,0.00000000
220,126.314326,33.305872,249948.1356,3688416.19300000,0.00000000
221,126.314324,33.305872,249947.9613,3688416.26900000,0.00000000
222,126.314322,33.305873,249947.7949,3688416.36000000,0.00000000
223,126.31432,33.305874,249947.6044,3688416.41500000,0.00000000
224,126.314318,33.305874,249947.4284,3688416.49000000,0.00000000
225,126.314316,33.305875,249947.2465,3688416.55800000,0.00000000
226,126.314314,33.305875,249947.0584,3688416.62500000,0.00000000
227,126.314312,33.305876,249946.8832,3688416.68200000,0.00000000
228,126.31431,33.305876,249946.6939,3688416.73400000,0.00000000
229,126.314308,33.305877,249946.5088,3688416.79900000,0.00000000
230,126.314306,33.305877,249946.3188,3688416.84500000,0.00000000
231,126.314304,33.305878,249946.1261,3688416.89400000,0.00000000
232,126.314302,33.305878,249945.942,3688416.93800000,0.00000000
233,126.3143,33.305878,249945.7497,3688416.97400000,0.00000000
234,126.314298,33.305878,249945.5594,3688417.01100000,0.00000000
235,126.314296,33.305879,249945.3726,3688417.06700000,0.00000000
236,126.314294,33.305879,249945.1781,3688417.09500000,0.00000000
237,126.314292,33.305879,249944.9872,3688417.13700000,0.00000000
238,126.31429,33.30588,249944.7971,3688417.18000000,0.00000000
239,126.314288,33.30588,249944.6014,3688417.22100000,0.00000000
240,126.314286,33.305881,249944.4108,3688417.27100000,0.00000000
241,126.314284,33.305881,249944.2246,3688417.32100000,0.00000000
242,126.314282,33.305881,249944.0422,3688417.36200000,0.00000000
243,126.31428,33.305882,249943.8556,3688417.39600000,0.00000000
244,126.314278,33.305882,249943.6638,3688417.43200000,0.00000000
245,126.314276,33.305882,249943.4714,3688417.48300000,0.00000000
246,126.314273,33.305883,249943.2818,3688417.52100000,0.00000000
247,126.314272,33.305883,249943.099,3688417.56400000,0.00000000
248,126.314269,33.305883,249942.9048,3688417.61000000,0.00000000
249,126.314267,33.305884,249942.7126,3688417.64400000,0.00000000
250,126.314265,33.305884,249942.5204,3688417.66500000,0.00000000
251,126.314263,33.305884,249942.3276,3688417.70000000,0.00000000
252,126.314261,33.305884,249942.1379,3688417.73600000,0.00000000
253,126.314259,33.305884,249941.9549,3688417.77000000,0.00000000
254,126.314257,33.305885,249941.7706,3688417.80400000,0.00000000
255,126.314255,33.305885,249941.5767,3688417.83800000,0.00000000
256,126.314253,33.305885,249941.3793,3688417.85900000,0.00000000
257,126.314251,33.305885,249941.1832,3688417.89200000,0.00000000
258,126.314249,33.305886,249940.9946,3688417.91700000,0.00000000
259,126.314247,33.305886,249940.8114,3688417.94200000,0.00000000
260,126.314245,33.305886,249940.6216,3688417.97400000,0.00000000
261,126.314243,33.305886,249940.4284,3688417.99500000,0.00000000
262,126.314241,33.305886,249940.2365,3688418.03000000,0.00000000
263,126.314239,33.305887,249940.0497,3688418.05300000,0.00000000
264,126.314237,33.305887,249939.8668,3688418.07200000,0.00000000
265,126.314235,33.305887,249939.6829,3688418.09200000,0.00000000
266,126.314233,33.305887,249939.487,3688418.11500000,0.00000000
267,126.314231,33.305887,249939.2992,3688418.15000000,0.00000000
268,126.314228,33.305887,249939.105,3688418.17200000,0.00000000
269,126.314226,33.305888,249938.9206,3688418.20200000,0.00000000
270,126.314224,33.305888,249938.7276,3688418.23100000,0.00000000
271,126.314222,33.305888,249938.5358,3688418.25200000,0.00000000
272,126.31422,33.305888,249938.3417,3688418.27400000,0.00000000
273,126.314218,33.305888,249938.1539,3688418.30900000,0.00000000
274,126.314216,33.305889,249937.9597,3688418.33100000,0.00000000
275,126.314214,33.305889,249937.7748,3688418.34100000,0.00000000
276,126.314212,33.305889,249937.586,3688418.34600000,0.00000000
277,126.31421,33.305889,249937.3962,3688418.35100000,0.00000000
278,126.314208,33.305889,249937.1984,3688418.35600000,0.00000000
279,126.314206,33.305889,249936.9988,3688418.36100000,0.00000000
280,126.314204,33.305889,249936.8114,3688418.36600000,0.00000000
281,126.314202,33.305889,249936.6222,3688418.37800000,0.00000000
282,126.3142,33.305889,249936.4385,3688418.39100000,0.00000000
283,126.314198,33.305889,249936.2401,3688418.38100000,0.00000000
284,126.314196,33.305889,249936.0419,3688418.38600000,0.00000000
285,126.314193,33.305888,249935.8463,3688418.36100000,0.00000000
286,126.314191,33.305888,249935.6613,3688418.33600000,0.00000000
287,126.314189,33.305888,249935.4677,3688418.30100000,0.00000000
288,126.314187,33.305887,249935.2795,3688418.25800000,0.00000000
289,126.314185,33.305887,249935.0983,3688418.21700000,0.00000000
290,126.314183,33.305887,249934.9105,3688418.17700000,0.00000000
291,126.314181,33.305886,249934.7236,3688418.12400000,0.00000000
292,126.31418,33.305885,249934.5451,3688418.06000000,0.00000000
293,126.314178,33.305885,249934.367,3688418.00400000,0.00000000
294,126.314176,33.305884,249934.1775,3688417.96300000,0.00000000
295,126.314174,33.305884,249933.9915,3688417.92100000,0.00000000
296,126.314172,33.305883,249933.8019,3688417.86600000,0.00000000
297,126.31417,33.305883,249933.6119,3688417.82100000,0.00000000
298,126.314168,33.305882,249933.4197,3688417.76800000,0.00000000
299,126.314166,33.305882,249933.2411,3688417.71200000,0.00000000
300,126.314164,33.305881,249933.0633,3688417.66000000,0.00000000
301,126.314162,33.305881,249932.8803,3688417.59800000,0.00000000
302,126.31416,33.30588,249932.6911,3688417.53900000,0.00000000
303,126.314158,33.30588,249932.4977,3688417.49200000,0.00000000
304,126.314156,33.305879,249932.3153,3688417.44300000,0.00000000
305,126.314154,33.305879,249932.1352,3688417.39500000,0.00000000
306,126.314152,33.305878,249931.9411,3688417.35200000,0.00000000
307,126.31415,33.305878,249931.7477,3688417.31100000,0.00000000
308,126.314148,33.305878,249931.5553,3688417.26700000,0.00000000
309,126.314146,33.305877,249931.361,3688417.22600000,0.00000000
310,126.314144,33.305877,249931.1748,3688417.18600000,0.00000000
311,126.314142,33.305876,249930.9799,3688417.14400000,0.00000000
312,126.31414,33.305876,249930.7904,3688417.09600000,0.00000000
313,126.314138,33.305875,249930.6072,3688417.03900000,0.00000000
314,126.314136,33.305875,249930.421,3688416.98100000,0.00000000
315,126.314134,33.305874,249930.2335,3688416.93700000,0.00000000
316,126.314132,33.305874,249930.048,3688416.89700000,0.00000000
317,126.31413,33.305873,249929.8636,3688416.85800000,0.00000000
318,126.314128,33.305873,249929.6781,3688416.81500000,0.00000000
319,126.314126,33.305872,249929.4964,3688416.75900000,0.00000000
320,126.314124,33.305872,249929.3016,3688416.71700000,0.00000000
321,126.314122,33.305872,249929.1115,3688416.66000000,0.00000000
322,126.31412,33.305871,249928.925,3688416.61400000,0.00000000
323,126.314118,33.305871,249928.7434,3688416.57000000,0.00000000
324,126.314116,33.30587,249928.5641,3688416.51700000,0.00000000
325,126.314114,33.30587,249928.3781,3688416.47500000,0.00000000
326,126.314112,33.305869,249928.1888,3688416.41600000,0.00000000
327,126.31411,33.305869,249927.9993,3688416.37300000,0.00000000
328,126.314108,33.305868,249927.806,3688416.33000000,0.00000000
329,126.314106,33.305868,249927.6182,3688416.28000000,0.00000000
330,126.314104,33.305867,249927.4388,3688416.22900000,0.00000000
331,126.314102,33.305867,249927.2525,3688416.18900000,0.00000000
332,126.3141,33.305866,249927.0631,3688416.13000000,0.00000000
333,126.314098,33.305866,249926.8742,3688416.07000000,0.00000000
334,126.314096,33.305865,249926.6824,3688416.02100000,0.00000000
335,126.314094,33.305865,249926.501,3688415.96100000,0.00000000
336,126.314092,33.305864,249926.3267,3688415.88500000,0.00000000
337,126.31409,33.305863,249926.1506,3688415.81500000,0.00000000
338,126.314088,33.305862,249925.9747,3688415.74100000,0.00000000
339,126.314086,33.305862,249925.8007,3688415.65900000,0.00000000
340,126.314085,33.305861,249925.6263,3688415.56900000,0.00000000
341,126.314083,33.30586,249925.4585,3688415.47800000,0.00000000
342,126.314081,33.305859,249925.291,3688415.39100000,0.00000000
343,126.314079,33.305858,249925.117,3688415.30100000,0.00000000
344,126.314077,33.305857,249924.9403,3688415.21000000,0.00000000
345,126.314075,33.305857,249924.7624,3688415.12400000,0.00000000
346,126.314074,33.305856,249924.5958,3688415.04000000,0.00000000
347,126.314072,33.305855,249924.4197,3688414.94900000,0.00000000
348,126.31407,33.305854,249924.2441,3688414.85700000,0.00000000
349,126.314068,33.305853,249924.073,3688414.76200000,0.00000000
350,126.314066,33.305852,249923.8991,3688414.67200000,0.00000000
351,126.314064,33.305852,249923.7237,3688414.58100000,0.00000000
352,126.314063,33.305851,249923.5588,3688414.48500000,0.00000000
353,126.314061,33.30585,249923.3902,3688414.38700000,0.00000000
354,126.314059,33.305849,249923.2223,3688414.29000000,0.00000000
355,126.314057,33.305848,249923.0567,3688414.19100000,0.00000000
356,126.314056,33.305847,249922.8894,3688414.09700000,0.00000000
357,126.314054,33.305846,249922.7189,3688413.99300000,0.00000000
358,126.314052,33.305845,249922.5615,3688413.89100000,0.00000000
359,126.31405,33.305844,249922.4045,3688413.78500000,0.00000000
360,126.314049,33.305843,249922.2451,3688413.67100000,0.00000000
361,126.314047,33.305842,249922.0862,3688413.55300000,0.00000000
362,126.314045,33.305841,249921.9195,3688413.44400000,0.00000000
363,126.314044,33.30584,249921.7743,3688413.31100000,0.00000000
364,126.314042,33.305838,249921.6335,3688413.18000000,0.00000000
365,126.314041,33.305837,249921.4957,3688413.05300000,0.00000000
366,126.31404,33.305836,249921.3579,3688412.91900000,0.00000000
367,126.314038,33.305835,249921.2259,3688412.77000000,0.00000000
368,126.314037,33.305833,249921.0936,3688412.62000000,0.00000000
369,126.314035,33.305832,249920.9622,3688412.47200000,0.00000000
370,126.314034,33.30583,249920.8386,3688412.31700000,0.00000000
371,126.314033,33.305829,249920.718,3688412.16400000,0.00000000
372,126.314032,33.305828,249920.598,3688412.01200000,0.00000000
373,126.31403,33.305826,249920.4689,3688411.86000000,0.00000000
374,126.314029,33.305825,249920.3434,3688411.70900000,0.00000000
375,126.314028,33.305824,249920.2269,3688411.56200000,0.00000000
376,126.314027,33.305822,249920.1107,3688411.41600000,0.00000000
377,126.314025,33.305821,249919.986,3688411.26100000,0.00000000
378,126.314024,33.305819,249919.8505,3688411.12300000,0.00000000
379,126.314023,33.305818,249919.7283,3688410.97400000,0.00000000
380,126.314021,33.305817,249919.6241,3688410.80800000,0.00000000
381,126.31402,33.305815,249919.5183,3688410.65500000,0.00000000
382,126.314019,33.305814,249919.393,3688410.51700000,0.00000000
383,126.314018,33.305812,249919.2703,3688410.36300000,0.00000000
384,126.314017,33.305811,249919.1495,3688410.21200000,0.00000000
385,126.314015,33.30581,249919.0264,3688410.06800000,0.00000000
386,126.314014,33.305809,249918.8953,3688409.93100000,0.00000000
387,126.314012,33.305807,249918.752,3688409.79900000,0.00000000
388,126.314011,33.305806,249918.6117,3688409.66900000,0.00000000
389,126.314009,33.305805,249918.472,3688409.52600000,0.00000000
390,126.314008,33.305803,249918.3492,3688409.38200000,0.00000000
391,126.314007,33.305802,249918.23,3688409.23300000,0.00000000
392,126.314006,33.305801,249918.1057,3688409.08300000,0.00000000
393,126.314004,33.305799,249917.97,3688408.94500000,0.00000000
394,126.314003,33.305798,249917.8321,3688408.80400000,0.00000000
395,126.314001,33.305797,249917.6949,3688408.66400000,0.00000000
396,126.314,33.305796,249917.5688,3688408.52800000,0.00000000
397,126.313999,33.305794,249917.4363,3688408.37800000,0.00000000
398,126.313997,33.305793,249917.3074,3688408.23200000,0.00000000
399,126.313996,33.305792,249917.1791,3688408.08700000,0.00000000
400,126.313995,33.30579,249917.0553,3688407.93200000,0.00000000
401,126.313993,33.305789,249916.928,3688407.78500000,0.00000000
402,126.313992,33.305787,249916.8125,3688407.63300000,0.00000000
403,126.313991,33.305786,249916.7019,3688407.47700000,0.00000000
404,126.31399,33.305784,249916.5857,3688407.31500000,0.00000000
405,126.313989,33.305783,249916.4694,3688407.15400000,0.00000000
406,126.313988,33.305782,249916.3598,3688407.00000000,0.00000000
407,126.313986,33.30578,249916.2613,3688406.82700000,0.00000000
408,126.313985,33.305778,249916.1472,3688406.66300000,0.00000000
409,126.313984,33.305777,249916.033,3688406.51400000,0.00000000
410,126.313983,33.305776,249915.9221,3688406.36500000,0.00000000
411,126.313982,33.305774,249915.8139,3688406.19800000,0.00000000
412,126.313981,33.305773,249915.7091,3688406.03600000,0.00000000
413,126.31398,33.305771,249915.5898,3688405.88200000,0.00000000
414,126.313978,33.30577,249915.4742,3688405.72500000,0.00000000
415,126.313977,33.305768,249915.3635,3688405.56900000,0.00000000
416,126.313976,33.305767,249915.2524,3688405.40700000,0.00000000
417,126.313975,33.305765,249915.1466,3688405.24600000,0.00000000
418,126.313974,33.305764,249915.0328,3688405.08500000,0.00000000
419,126.313973,33.305762,249914.9252,3688404.91900000,0.00000000
420,126.313971,33.305761,249914.8092,3688404.76800000,0.00000000
421,126.31397,33.30576,249914.6848,3688404.61200000,0.00000000
422,126.313969,33.305758,249914.5707,3688404.46300000,0.00000000
423,126.313968,33.305757,249914.4605,3688404.30900000,0.00000000
424,126.313967,33.305755,249914.3557,3688404.14700000,0.00000000
425,126.313966,33.305754,249914.2591,3688403.97900000,0.00000000
426,126.313965,33.305752,249914.1605,3688403.80600000,0.00000000
427,126.313964,33.305751,249914.07,3688403.63300000,0.00000000
428,126.313963,33.305749,249913.9852,3688403.45400000,0.00000000
429,126.313962,33.305747,249913.9043,3688403.27800000,0.00000000
430,126.313961,33.305746,249913.8195,3688403.10400000,0.00000000
431,126.313961,33.305744,249913.7486,3688402.91700000,0.00000000
432,126.31396,33.305742,249913.6868,3688402.73600000,0.00000000
433,126.31396,33.305741,249913.6377,3688402.55000000,0.00000000
434,126.313959,33.305739,249913.5856,3688402.36100000,0.00000000
435,126.313959,33.305737,249913.5323,3688402.17100000,0.00000000
436,126.313958,33.305736,249913.4836,3688401.97900000,0.00000000
437,126.313957,33.305734,249913.4255,3688401.79100000,0.00000000
438,126.313957,33.305732,249913.3636,3688401.60500000,0.00000000
439,126.313957,33.30573,249913.3304,3688401.41100000,0.00000000
440,126.313956,33.305729,249913.2895,3688401.21800000,0.00000000
441,126.313956,33.305727,249913.2551,3688401.02900000,0.00000000
442,126.313956,33.305725,249913.2256,3688400.84300000,0.00000000
443,126.313955,33.305724,249913.1948,3688400.65700000,0.00000000
444,126.313955,33.305722,249913.1647,3688400.46300000,0.00000000
445,126.313955,33.30572,249913.1339,3688400.27600000,0.00000000
446,126.313954,33.305718,249913.1021,3688400.08500000,0.00000000
447,126.313954,33.305717,249913.0706,3688399.89500000,0.00000000
448,126.313954,33.305715,249913.0389,3688399.70500000,0.00000000
449,126.313954,33.305713,249913.0088,3688399.52200000,0.00000000
450,126.313953,33.305712,249912.9789,3688399.33000000,0.00000000
451,126.313953,33.30571,249912.9493,3688399.13900000,0.00000000
452,126.313953,33.305708,249912.9116,3688398.95900000,0.00000000
453,126.313952,33.305707,249912.8702,3688398.77900000,0.00000000
454,126.313952,33.305705,249912.8296,3688398.59600000,0.00000000
455,126.313952,33.305703,249912.7836,3688398.40200000,0.00000000
456,126.313951,33.305701,249912.7649,3688398.20400000,0.00000000
457,126.313951,33.3057,249912.7286,3688398.01200000,0.00000000
458,126.313951,33.305698,249912.6812,3688397.83100000,0.00000000
459,126.31395,33.305696,249912.6296,3688397.65000000,0.00000000
460,126.31395,33.305695,249912.5876,3688397.46000000,0.00000000
461,126.313949,33.305693,249912.5425,3688397.26900000,0.00000000
462,126.313949,33.305691,249912.4994,3688397.07600000,0.00000000
463,126.313948,33.30569,249912.458,3688396.89600000,0.00000000
464,126.313948,33.305688,249912.4119,3688396.70200000,0.00000000
465,126.313948,33.305686,249912.3662,3688396.50900000,0.00000000
466,126.313947,33.305684,249912.3219,3688396.31600000,0.00000000
467,126.313947,33.305683,249912.2896,3688396.12100000,0.00000000
468,126.313947,33.305681,249912.2571,3688395.92600000,0.00000000
469,126.313946,33.305679,249912.2058,3688395.73300000,0.00000000
470,126.313946,33.305677,249912.1591,3688395.54500000,0.00000000
471,126.313945,33.305676,249912.117,3688395.35000000,0.00000000
472,126.313945,33.305674,249912.079,3688395.16600000,0.00000000
473,126.313944,33.305672,249912.0413,3688394.97300000,0.00000000
474,126.313944,33.30567,249912.003,3688394.78200000,0.00000000
475,126.313944,33.305669,249911.9652,3688394.58600000,0.00000000
476,126.313944,33.305667,249911.9379,3688394.38800000,0.00000000
477,126.313943,33.305665,249911.9139,3688394.20100000,0.00000000
478,126.313943,33.305663,249911.8816,3688394.01500000,0.00000000
479,126.313943,33.305662,249911.8306,3688393.83200000,0.00000000
480,126.313942,33.30566,249911.8001,3688393.64100000,0.00000000
481,126.313942,33.305658,249911.773,3688393.45600000,0.00000000
482,126.313942,33.305657,249911.748,3688393.27300000,0.00000000
483,126.313942,33.305655,249911.7319,3688393.07700000,0.00000000
484,126.313942,33.305653,249911.7097,3688392.89400000,0.00000000
485,126.313941,33.305652,249911.6838,3688392.70600000,0.00000000
486,126.313941,33.30565,249911.6565,3688392.50900000,0.00000000
487,126.313941,33.305648,249911.6306,3688392.32100000,0.00000000
488,126.313941,33.305646,249911.5991,3688392.12600000,0.00000000
489,126.31394,33.305645,249911.561,3688391.94200000,0.00000000
490,126.31394,33.305643,249911.5432,3688391.74400000,0.00000000
491,126.31394,33.305641,249911.5196,3688391.54700000,0.00000000
492,126.31394,33.305639,249911.4932,3688391.35800000,0.00000000
493,126.313939,33.305638,249911.4653,3688391.16800000,0.00000000
494,126.313939,33.305636,249911.4384,3688390.97500000,0.00000000
495,126.313939,33.305634,249911.4175,3688390.79400000,0.00000000
496,126.313939,33.305633,249911.402,3688390.60400000,0.00000000
497,126.313939,33.305631,249911.3752,3688390.41500000,0.00000000
498,126.313938,33.305629,249911.348,3688390.22200000,0.00000000
499,126.313938,33.305628,249911.3244,3688390.04000000,0.00000000
500,126.313938,33.305626,249911.3195,3688389.84700000,0.00000000
501,126.313938,33.305624,249911.3218,3688389.65800000,0.00000000
502,126.313938,33.305622,249911.3229,3688389.46300000,0.00000000
503,126.313938,33.305621,249911.306,3688389.26600000,0.00000000
504,126.313938,33.305619,249911.2995,3688389.07300000,0.00000000
505,126.313938,33.305617,249911.2945,3688388.88000000,0.00000000
506,126.313938,33.305615,249911.288,3688388.69100000,0.00000000
507,126.313938,33.305614,249911.2598,3688388.49800000,0.00000000
508,126.313938,33.305612,249911.2238,3688388.30900000,0.00000000
509,126.313937,33.30561,249911.1853,3688388.12300000,0.00000000
510,126.313937,33.305609,249911.1462,3688387.93400000,0.00000000
511,126.313936,33.305607,249911.0886,3688387.74600000,0.00000000
512,126.313936,33.305605,249911.0285,3688387.56700000,0.00000000
513,126.313935,33.305604,249910.9634,3688387.38900000,0.00000000
514,126.313934,33.305602,249910.8812,3688387.21500000,0.00000000
515,126.313933,33.305601,249910.8004,3688387.05300000,0.00000000
516,126.313932,33.305599,249910.7118,3688386.88800000,0.00000000
517,126.313931,33.305597,249910.6064,3688386.71900000,0.00000000
518,126.31393,33.305596,249910.4995,3688386.55900000,0.00000000
519,126.313929,33.305595,249910.3607,3688386.41700000,0.00000000
520,126.313927,33.305593,249910.2249,3688386.27200000,0.00000000
521,126.313926,33.305592,249910.1113,3688386.10900000,0.00000000
522,126.313925,33.30559,249910.0002,3688385.95700000,0.00000000
523,126.313924,33.305589,249909.8787,3688385.80100000,0.00000000
524,126.313922,33.305588,249909.745,3688385.66400000,0.00000000
525,126.313921,33.305586,249909.6122,3688385.52800000,0.00000000
526,126.31392,33.305585,249909.475,3688385.38900000,0.00000000
527,126.313918,33.305584,249909.3381,3688385.24900000,0.00000000
528,126.313917,33.305583,249909.1922,3688385.11800000,0.00000000
529,126.313915,33.305582,249909.0352,3688385.01300000,0.00000000
530,126.313913,33.305581,249908.8817,3688384.88600000,0.00000000
531,126.313912,33.305579,249908.7248,3688384.76800000,0.00000000
532,126.31391,33.305578,249908.5625,3688384.65300000,0.00000000
533,126.313908,33.305577,249908.3998,3688384.55700000,0.00000000
534,126.313907,33.305577,249908.2315,3688384.47500000,0.00000000
535,126.313905,33.305576,249908.0596,3688384.37800000,0.00000000
536,126.313903,33.305575,249907.896,3688384.29200000,0.00000000
537,126.313901,33.305574,249907.7324,3688384.21300000,0.00000000
538,126.313899,33.305573,249907.5546,3688384.13500000,0.00000000
539,126.313897,33.305573,249907.3741,3688384.06000000,0.00000000
540,126.313896,33.305572,249907.2019,3688383.99300000,0.00000000
541,126.313894,33.305571,249907.0177,3688383.92500000,0.00000000
542,126.313892,33.305571,249906.8325,3688383.87000000,0.00000000
543,126.31389,33.30557,249906.6398,3688383.82700000,0.00000000
544,126.313888,33.30557,249906.4449,3688383.78400000,0.00000000
545,126.313886,33.305569,249906.2587,3688383.72500000,0.00000000
546,126.313884,33.305569,249906.0735,3688383.65700000,0.00000000
547,126.313882,33.305568,249905.888,3688383.59300000,0.00000000
548,126.31388,33.305568,249905.6998,3688383.56600000,0.00000000
549,126.313878,33.305567,249905.5177,3688383.52400000,0.00000000
550,126.313876,33.305567,249905.3375,3688383.47000000,0.00000000
551,126.313874,33.305566,249905.1582,3688383.41700000,0.00000000
552,126.313872,33.305566,249904.9722,3688383.37400000,0.00000000
553,126.31387,33.305565,249904.7829,3688383.31500000,0.00000000
554,126.313868,33.305565,249904.6032,3688383.24700000,0.00000000
555,126.313866,33.305564,249904.4225,3688383.17200000,0.00000000
556,126.313864,33.305563,249904.2414,3688383.10500000,0.00000000
557,126.313862,33.305563,249904.0649,3688383.04600000,0.00000000
558,126.31386,33.305562,249903.8902,3688382.97700000,0.00000000
559,126.313858,33.305562,249903.7006,3688382.92200000,0.00000000
560,126.313856,33.305561,249903.5208,3688382.85600000,0.00000000
561,126.313855,33.30556,249903.3481,3688382.79500000,0.00000000
562,126.313853,33.30556,249903.1583,3688382.73600000,0.00000000
563,126.313851,33.305559,249902.975,3688382.67700000,0.00000000
564,126.313849,33.305559,249902.7971,3688382.60600000,0.00000000
565,126.313847,33.305558,249902.6135,3688382.53400000,0.00000000
566,126.313845,33.305557,249902.433,3688382.47000000,0.00000000
567,126.313843,33.305557,249902.2437,3688382.40600000,0.00000000
568,126.313841,33.305556,249902.0548,3688382.35000000,0.00000000
569,126.313839,33.305556,249901.8659,3688382.30400000,0.00000000
570,126.313837,33.305555,249901.6767,3688382.25700000,0.00000000
571,126.313835,33.305555,249901.4869,3688382.21500000,0.00000000
572,126.313833,33.305554,249901.2935,3688382.18500000,0.00000000
573,126.313831,33.305554,249901.1056,3688382.15900000,0.00000000
574,126.313829,33.305554,249900.9073,3688382.14900000,0.00000000
575,126.313827,33.305554,249900.7172,3688382.13900000,0.00000000
576,126.313824,33.305554,249900.5197,3688382.12800000,0.00000000
577,126.313822,33.305554,249900.3206,3688382.11800000,0.00000000
578,126.31382,33.305554,249900.1236,3688382.11100000,0.00000000
579,126.313818,33.305554,249899.9354,3688382.11600000,0.00000000
580,126.313816,33.305554,249899.7378,3688382.13700000,0.00000000
581,126.313814,33.305554,249899.5443,3688382.17200000,0.00000000
582,126.313812,33.305554,249899.3551,3688382.18700000,0.00000000
583,126.31381,33.305554,249899.1698,3688382.21600000,0.00000000
584,126.313808,33.305555,249898.9815,3688382.27800000,0.00000000
585,126.313806,33.305555,249898.797,3688382.31600000,0.00000000
586,126.313804,33.305556,249898.6133,3688382.38900000,0.00000000
587,126.313802,33.305556,249898.4232,3688382.44300000,0.00000000
588,126.3138,33.305557,249898.2442,3688382.51100000,0.00000000
589,126.313798,33.305557,249898.0621,3688382.59100000,0.00000000
590,126.313796,33.305558,249897.8851,3688382.68300000,0.00000000
591,126.313794,33.305559,249897.7188,3688382.77700000,0.00000000
592,126.313792,33.30556,249897.5521,3688382.86600000,0.00000000
593,126.313791,33.30556,249897.3857,3688382.95600000,0.00000000
594,126.313789,33.305561,249897.2264,3688383.06700000,0.00000000
595,126.313787,33.305562,249897.055,3688383.15400000,0.00000000
596,126.313785,33.305563,249896.8885,3688383.23700000,0.00000000
597,126.313783,33.305564,249896.7166,3688383.33000000,0.00000000
598,126.313781,33.305564,249896.5427,3688383.41100000,0.00000000
599,126.31378,33.305565,249896.3736,3688383.51000000,0.00000000
600,126.313778,33.305566,249896.2067,3688383.60800000,0.00000000
601,126.313776,33.305567,249896.0399,3688383.69100000,0.00000000
602,126.313774,33.305567,249895.8655,3688383.77400000,0.00000000
603,126.313772,33.305568,249895.6912,3688383.86200000,0.00000000
604,126.31377,33.305569,249895.5121,3688383.95000000,0.00000000
605,126.313768,33.30557,249895.3388,3688384.04400000,0.00000000
606,126.313766,33.305571,249895.166,3688384.12700000,0.00000000
607,126.313765,33.305571,249894.997,3688384.21100000,0.00000000
608,126.313763,33.305572,249894.8242,3688384.29700000,0.00000000
609,126.313761,33.305573,249894.6396,3688384.36500000,0.00000000
610,126.313759,33.305573,249894.4476,3688384.41900000,0.00000000
611,126.313757,33.305573,249894.2646,3688384.48200000,0.00000000
612,126.313755,33.305574,249894.0735,3688384.52800000,0.00000000
613,126.313753,33.305574,249893.891,3688384.56200000,0.00000000
614,126.313751,33.305574,249893.7078,3688384.59400000,0.00000000
615,126.313749,33.305575,249893.515,3688384.63000000,0.00000000
616,126.313746,33.305575,249893.3228,3688384.65100000,0.00000000
617,126.313744,33.305575,249893.1306,3688384.68400000,0.00000000
618,126.313742,33.305575,249892.9436,3688384.71200000,0.00000000
619,126.31374,33.305575,249892.746,3688384.72500000,0.00000000
620,126.313738,33.305575,249892.5463,3688384.72700000,0.00000000
621,126.313736,33.305575,249892.3523,3688384.71700000,0.00000000
622,126.313734,33.305575,249892.1593,3688384.70700000,0.00000000
623,126.313732,33.305575,249891.9715,3688384.69700000,0.00000000
624,126.31373,33.305575,249891.784,3688384.68000000,0.00000000
625,126.313728,33.305574,249891.5969,3688384.65100000,0.00000000
626,126.313726,33.305574,249891.4035,3688384.60800000,0.00000000
627,126.313724,33.305574,249891.2135,3688384.58500000,0.00000000
628,126.313722,33.305573,249891.02,3688384.55900000,0.00000000
629,126.31372,33.305573,249890.8353,3688384.52600000,0.00000000
630,126.313718,33.305573,249890.6475,3688384.48500000,0.00000000
631,126.313716,33.305572,249890.4544,3688384.44200000,0.00000000
632,126.313714,33.305572,249890.2658,3688384.40200000,0.00000000
633,126.313712,33.305572,249890.0694,3688384.37600000,0.00000000
634,126.31371,33.305571,249889.881,3688384.33900000,0.00000000
635,126.313708,33.305571,249889.6908,3688384.31500000,0.00000000
636,126.313706,33.305571,249889.5,3688384.29800000,0.00000000
637,126.313704,33.30557,249889.3099,3688384.25600000,0.00000000
638,126.313702,33.30557,249889.1206,3688384.23100000,0.00000000
639,126.313699,33.30557,249888.9254,3688384.19000000,0.00000000
640,126.313697,33.305569,249888.7432,3688384.15100000,0.00000000
641,126.313696,33.305569,249888.5583,3688384.11200000,0.00000000
642,126.313694,33.305568,249888.37,3688384.07100000,0.00000000
643,126.313691,33.305568,249888.1814,3688384.02800000,0.00000000
644,126.313689,33.305568,249887.9911,3688383.98800000,0.00000000
645,126.313687,33.305567,249887.8051,3688383.94900000,0.00000000
646,126.313685,33.305567,249887.6113,3688383.90600000,0.00000000
647,126.313683,33.305566,249887.4281,3688383.86300000,0.00000000
648,126.313681,33.305566,249887.2382,3688383.81600000,0.00000000
649,126.313679,33.305565,249887.0505,3688383.76900000,0.00000000
650,126.313677,33.305565,249886.8628,3688383.71800000,0.00000000
651,126.313675,33.305564,249886.6691,3688383.67500000,0.00000000
652,126.313673,33.305564,249886.4738,3688383.66400000,0.00000000
653,126.313671,33.305564,249886.2782,3688383.65200000,0.00000000
654,126.313669,33.305564,249886.0801,3688383.65700000,0.00000000
655,126.313667,33.305564,249885.8873,3688383.69400000,0.00000000
656,126.313665,33.305565,249885.6987,3688383.74500000,0.00000000
657,126.313663,33.305565,249885.5071,3688383.78900000,0.00000000
658,126.313661,33.305566,249885.3265,3688383.84600000,0.00000000
659,126.313659,33.305566,249885.1478,3688383.91400000,0.00000000
660,126.313657,33.305567,249884.9707,3688383.98200000,0.00000000
661,126.313655,33.305567,249884.7893,3688384.05100000,0.00000000
662,126.313653,33.305568,249884.6137,3688384.12600000,0.00000000
663,126.313651,33.305569,249884.435,3688384.18100000,0.00000000
664,126.313649,33.305569,249884.2492,3688384.23400000,0.00000000
665,126.313647,33.305569,249884.0741,3688384.29400000,0.00000000
666,126.313645,33.30557,249883.8981,3688384.37000000,0.00000000
667,126.313644,33.305571,249883.724,3688384.44900000,0.00000000
668,126.313642,33.305571,249883.544,3688384.51700000,0.00000000
669,126.31364,33.305572,249883.3576,3688384.58600000,0.00000000
670,126.313638,33.305572,249883.1819,3688384.64900000,0.00000000
671,126.313636,33.305573,249882.999,3688384.70900000,0.00000000
672,126.313634,33.305573,249882.814,3688384.76300000,0.00000000
673,126.313632,33.305574,249882.631,3688384.83000000,0.00000000
674,126.31363,33.305574,249882.4388,3688384.87000000,0.00000000
675,126.313628,33.305575,249882.2547,3688384.91400000,0.00000000
676,126.313626,33.305575,249882.0772,3688384.96200000,0.00000000
677,126.313624,33.305575,249881.8855,3688385.01600000,0.00000000
678,126.313622,33.305576,249881.6945,3688385.06600000,0.00000000
679,126.31362,33.305576,249881.5046,3688385.12000000,0.00000000
680,126.313617,33.305577,249881.3106,3688385.16000000,0.00000000
681,126.313615,33.305577,249881.122,3688385.21000000,0.00000000
682,126.313613,33.305577,249880.9276,3688385.25300000,0.00000000
683,126.313611,33.305578,249880.7447,3688385.28600000,0.00000000
684,126.313609,33.305578,249880.5548,3688385.31600000,0.00000000
685,126.313607,33.305578,249880.3612,3688385.32100000,0.00000000
686,126.313605,33.305578,249880.169,3688385.34100000,0.00000000
687,126.313603,33.305578,249879.9726,3688385.36100000,0.00000000
688,126.313601,33.305578,249879.7834,3688385.37300000,0.00000000
689,126.313599,33.305578,249879.5875,3688385.37800000,0.00000000
690,126.313597,33.305578,249879.3978,3688385.38300000,0.00000000
691,126.313595,33.305578,249879.2091,3688385.38800000,0.00000000
692,126.313593,33.305578,249879.0156,3688385.39300000,0.00000000
693,126.313591,33.305578,249878.818,3688385.39800000,0.00000000
694,126.313589,33.305578,249878.6349,3688385.41000000,0.00000000
695,126.313587,33.305578,249878.4479,3688385.42600000,0.00000000
696,126.313585,33.305578,249878.2483,3688385.43100000,0.00000000
697,126.313582,33.305578,249878.0505,3688385.43600000,0.00000000
698,126.31358,33.305578,249877.8545,3688385.45600000,0.00000000
699,126.313578,33.305579,249877.6648,3688385.46500000,0.00000000
700,126.313576,33.305579,249877.4781,3688385.48000000,0.00000000
701,126.313574,33.305579,249877.292,3688385.50000000,0.00000000
702,126.313572,33.305579,249877.0963,3688385.52100000,0.00000000
703,126.31357,33.305579,249876.8998,3688385.54100000,0.00000000
704,126.313568,33.305579,249876.7024,3688385.56200000,0.00000000
705,126.313566,33.305579,249876.5082,3688385.58200000,0.00000000
706,126.313564,33.305579,249876.3149,3688385.59200000,0.00000000
707,126.313562,33.305579,249876.1311,3688385.59200000,0.00000000
708,126.31356,33.305579,249875.937,3688385.58300000,0.00000000
709,126.313558,33.305579,249875.7394,3688385.57500000,0.00000000
710,126.313556,33.305579,249875.5484,3688385.57500000,0.00000000
711,126.313553,33.305579,249875.3545,3688385.57200000,0.00000000
712,126.313551,33.305579,249875.1568,3688385.55000000,0.00000000
713,126.313549,33.305578,249874.9634,3688385.52800000,0.00000000
714,126.313547,33.305578,249874.7729,3688385.49900000,0.00000000
715,126.313545,33.305578,249874.5854,3688385.46700000,0.00000000
716,126.313543,33.305578,249874.3873,3688385.44600000,0.00000000
717,126.313541,33.305577,249874.1981,3688385.42300000,0.00000000
718,126.313539,33.305577,249874.0136,3688385.39700000,0.00000000
719,126.313537,33.305577,249873.8318,3688385.36300000,0.00000000
720,126.313535,33.305576,249873.6379,3688385.32800000,0.00000000
721,126.313533,33.305576,249873.443,3688385.28900000,0.00000000
722,126.313531,33.305575,249873.2566,3688385.24500000,0.00000000
723,126.313529,33.305575,249873.0764,3688385.19300000,0.00000000
724,126.313527,33.305575,249872.8825,3688385.15500000,0.00000000
725,126.313525,33.305574,249872.6989,3688385.10900000,0.00000000
726,126.313523,33.305574,249872.518,3688385.06500000,0.00000000
727,126.313521,33.305573,249872.3346,3688385.02900000,0.00000000
728,126.313519,33.305573,249872.1451,3688384.97000000,0.00000000
729,126.313517,33.305572,249871.9632,3688384.92300000,0.00000000
730,126.313515,33.305572,249871.7715,3688384.87300000,0.00000000
731,126.313513,33.305571,249871.5968,3688384.80300000,0.00000000
732,126.313511,33.305571,249871.412,3688384.76700000,0.00000000
733,126.313509,33.30557,249871.2317,3688384.69100000,0.00000000
734,126.313508,33.305569,249871.0499,3688384.61800000,0.00000000
735,126.313506,33.305569,249870.8704,3688384.54600000,0.00000000
736,126.313504,33.305568,249870.6928,3688384.47100000,0.00000000
737,126.313502,33.305567,249870.5152,3688384.38700000,0.00000000
738,126.3135,33.305566,249870.3398,3688384.30400000,0.00000000
739,126.313498,33.305566,249870.167,3688384.22300000,0.00000000
740,126.313496,33.305565,249869.9977,3688384.13200000,0.00000000
741,126.313494,33.305564,249869.8227,3688384.05800000,0.00000000
742,126.313493,33.305563,249869.6358,3688383.98900000,0.00000000
743,126.31349,33.305563,249869.4387,3688383.95600000,0.00000000
744,126.313488,33.305563,249869.2417,3688383.96200000,0.00000000
745,126.313486,33.305563,249869.0454,3688383.96700000,0.00000000
746,126.313484,33.305563,249868.8511,3688383.97200000,0.00000000
747,126.313482,33.305563,249868.6619,3688383.99100000,0.00000000
748,126.31348,33.305563,249868.4765,3688384.02900000,0.00000000
749,126.313478,33.305564,249868.2916,3688384.08600000,0.00000000
750,126.313476,33.305564,249868.1062,3688384.12900000,0.00000000
751,126.313474,33.305565,249867.9332,3688384.19900000,0.00000000
752,126.313472,33.305566,249867.7623,3688384.29200000,0.00000000
753,126.313471,33.305566,249867.6012,3688384.39100000,0.00000000
754,126.313469,33.305567,249867.4485,3688384.50400000,0.00000000
755,126.313467,33.305569,249867.306,3688384.63300000,0.00000000
756,126.313466,33.30557,249867.1672,3688384.77400000,0.00000000
757,126.313464,33.305571,249867.033,3688384.92000000,0.00000000
758,126.313463,33.305572,249866.9126,3688385.06900000,0.00000000
759,126.313462,33.305574,249866.8019,3688385.23300000,0.00000000
760,126.313461,33.305575,249866.7046,3688385.40100000,0.00000000
761,126.31346,33.305577,249866.638,3688385.58500000,0.00000000
762,126.313459,33.305579,249866.5729,3688385.77300000,0.00000000
763,126.313459,33.30558,249866.5178,3688385.96300000,0.00000000
764,126.313458,33.305582,249866.4657,3688386.15400000,0.00000000
765,126.313458,33.305584,249866.4459,3688386.34600000,0.00000000
766,126.313457,33.305586,249866.4382,3688386.54100000,0.00000000
767,126.313457,33.305587,249866.4352,3688386.73900000,0.00000000
768,126.313457,33.305589,249866.4485,3688386.93000000,0.00000000
769,126.313458,33.305591,249866.4676,3688387.12700000,0.00000000
770,126.313458,33.305592,249866.4604,3688387.19600000,0.00000000
771,126.313458,33.305592,249866.5039,3688387.27100000,0.00000000
772,126.313458,33.305594,249866.513,3688387.46900000,0.00000000
773,126.313458,33.305596,249866.5368,3688387.66700000,0.00000000
774,126.313458,33.305597,249866.5501,3688387.85800000,0.00000000
775,126.313458,33.305599,249866.5582,3688388.05500000,0.00000000
776,126.313458,33.305601,249866.5751,3688388.24200000,0.00000000
777,126.313458,33.305603,249866.5806,3688388.44000000,0.00000000
778,126.313459,33.305604,249866.595,3688388.63400000,0.00000000
779,126.313459,33.305606,249866.6062,3688388.83100000,0.00000000
780,126.313459,33.305608,249866.6062,3688389.02800000,0.00000000
781,126.313458,33.30561,249866.5964,3688389.22500000,0.00000000
782,126.313458,33.305612,249866.5765,3688389.41800000,0.00000000
783,126.313458,33.305613,249866.5423,3688389.61000000,0.00000000
784,126.313457,33.305615,249866.4906,3688389.79000000,0.00000000
785,126.313456,33.305617,249866.4287,3688389.97400000,0.00000000
786,126.313456,33.305618,249866.3661,3688390.15100000,0.00000000
787,126.313455,33.30562,249866.2916,3688390.32900000,0.00000000
788,126.313454,33.305621,249866.1837,3688390.49500000,0.00000000
789,126.313452,33.305623,249866.0753,3688390.66200000,0.00000000
790,126.313451,33.305624,249865.9574,3688390.81800000,0.00000000
791,126.31345,33.305625,249865.8327,3688390.95900000,0.00000000
792,126.313448,33.305627,249865.6963,3688391.10300000,0.00000000
793,126.313447,33.305628,249865.5652,3688391.25100000,0.00000000
794,126.313445,33.305629,249865.4356,3688391.39700000,0.00000000
795,126.313444,33.30563,249865.2951,3688391.53000000,0.00000000
796,126.313442,33.305631,249865.167,3688391.66600000,0.00000000
797,126.313441,33.305633,249865.0251,3688391.80500000,0.00000000
798,126.313439,33.305634,249864.8751,3688391.92800000,0.00000000
799,126.313438,33.305635,249864.7203,3688392.05500000,0.00000000
800,126.313436,33.305636,249864.5751,3688392.18700000,0.00000000
801,126.313434,33.305637,249864.4101,3688392.29900000,0.00000000
802,126.313432,33.305638,249864.2455,3688392.39000000,0.00000000
803,126.313431,33.305639,249864.0772,3688392.48600000,0.00000000
804,126.313429,33.305639,249863.8984,3688392.56800000,0.00000000
805,126.313427,33.30564,249863.723,3688392.63700000,0.00000000
806,126.313425,33.305641,249863.5466,3688392.71500000,0.00000000
807,126.313423,33.305641,249863.3591,3688392.76500000,0.00000000
808,126.313421,33.305641,249863.1772,3688392.81600000,0.00000000
809,126.313419,33.305642,249862.9904,3688392.86900000,0.00000000
810,126.313417,33.305642,249862.8043,3688392.90600000,0.00000000
811,126.313415,33.305642,249862.6138,3688392.91900000,0.00000000
812,126.313413,33.305642,249862.4148,3688392.91900000,0.00000000
813,126.31341,33.305642,249862.2201,3688392.90800000,0.00000000
814,126.313408,33.305642,249862.0261,3688392.89700000,0.00000000
815,126.313406,33.305642,249861.8327,3688392.87200000,0.00000000
816,126.313404,33.305641,249861.6446,3688392.84700000,0.00000000
817,126.313402,33.305641,249861.4602,3688392.80800000,0.00000000
818,126.3134,33.30564,249861.2775,3688392.75700000,0.00000000
819,126.313398,33.30564,249861.0923,3688392.71100000,0.00000000
820,126.313396,33.305639,249860.9022,3688392.65600000,0.00000000
821,126.313395,33.305639,249860.7283,3688392.57100000,0.00000000
822,126.313393,33.305638,249860.5514,3688392.49000000,0.00000000
823,126.313391,33.305637,249860.383,3688392.39800000,0.00000000
824,126.313389,33.305636,249860.2148,3688392.29100000,0.00000000
825,126.313387,33.305635,249860.0491,3688392.18700000,0.00000000
826,126.313386,33.305634,249859.8968,3688392.07200000,0.00000000
827,126.313384,33.305633,249859.7371,3688391.95700000,0.00000000
828,126.313383,33.305632,249859.594,3688391.83000000,0.00000000
829,126.313381,33.30563,249859.4517,3688391.69000000,0.00000000
830,126.31338,33.305629,249859.321,3688391.55100000,0.00000000
831,126.313378,33.305628,249859.2002,3688391.40500000,0.00000000
832,126.313377,33.305626,249859.084,3688391.24500000,0.00000000
833,126.313376,33.305625,249858.9639,3688391.09400000,0.00000000
834,126.313375,33.305623,249858.8784,3688390.92000000,0.00000000
835,126.313374,33.305622,249858.7817,3688390.74600000,0.00000000
836,126.313373,33.30562,249858.6953,3688390.58000000,0.00000000
837,126.313372,33.305619,249858.6125,3688390.41600000,0.00000000
838,126.313372,33.305617,249858.5258,3688390.24500000,0.00000000
839,126.313371,33.305615,249858.4501,3688390.06400000,0.00000000
840,126.31337,33.305614,249858.3692,3688389.88200000,0.00000000
841,126.313369,33.305612,249858.2984,3688389.70800000,0.00000000
842,126.313369,33.305611,249858.2367,3688389.51900000,0.00000000
843,126.313368,33.305609,249858.1942,3688389.32600000,0.00000000
844,126.313368,33.305607,249858.1626,3688389.13600000,0.00000000
845,126.313368,33.305605,249858.1328,3688388.94400000,0.00000000
846,126.313368,33.305604,249858.1117,3688388.74500000,0.00000000
847,126.313367,33.305602,249858.0946,3688388.55900000,0.00000000
848,126.313367,33.3056,249858.0927,3688388.37600000,0.00000000
849,126.313368,33.305598,249858.1148,3688388.17800000,0.00000000
850,126.313368,33.305597,249858.1345,3688387.98600000,0.00000000
851,126.313368,33.305595,249858.1697,3688387.79300000,0.00000000
852,126.313369,33.305593,249858.2241,3688387.61000000,0.00000000
853,126.31337,33.305592,249858.2808,3688387.43400000,0.00000000
854,126.31337,33.30559,249858.3378,3688387.24700000,0.00000000
855,126.313371,33.305588,249858.3935,3688387.06400000,0.00000000
856,126.313372,33.305587,249858.4614,3688386.89000000,0.00000000
857,126.313373,33.305585,249858.5439,3688386.70800000,0.00000000
858,126.313374,33.305584,249858.628,3688386.53600000,0.00000000
859,126.313375,33.305582,249858.7227,3688386.36500000,0.00000000
860,126.313376,33.305581,249858.8166,3688386.20500000,0.00000000
861,126.313377,33.305579,249858.911,3688386.03300000,0.00000000
862,126.313378,33.305578,249859.0138,3688385.87100000,0.00000000
863,126.313379,33.305576,249859.128,3688385.71200000,0.00000000
864,126.313381,33.305575,249859.2575,3688385.57700000,0.00000000
865,126.313382,33.305574,249859.3887,3688385.44000000,0.00000000
866,126.313384,33.305573,249859.5208,3688385.29600000,0.00000000
867,126.313385,33.305571,249859.6494,3688385.14700000,0.00000000
868,126.313387,33.30557,249859.7836,3688385.00500000,0.00000000
869,126.313388,33.305569,249859.9273,3688384.87300000,0.00000000
870,126.31339,33.305568,249860.0682,3688384.74700000,0.00000000
871,126.313391,33.305567,249860.2073,3688384.60600000,0.00000000
872,126.313393,33.305566,249860.3492,3688384.47600000,0.00000000
873,126.313394,33.305565,249860.5019,3688384.35300000,0.00000000
874,126.313396,33.305563,249860.6495,3688384.22100000,0.00000000
875,126.313398,33.305562,249860.8134,3688384.11100000,0.00000000
876,126.3134,33.305562,249860.9698,3688384.01300000,0.00000000
877,126.313401,33.305561,249861.1356,3688383.90400000,0.00000000
878,126.313403,33.30556,249861.3069,3688383.80300000,0.00000000
879,126.313405,33.305559,249861.4746,3688383.70400000,0.00000000
880,126.313407,33.305558,249861.6519,3688383.61400000,0.00000000
881,126.313409,33.305557,249861.8237,3688383.53500000,0.00000000
882,126.313411,33.305557,249861.9917,3688383.44200000,0.00000000
883,126.313412,33.305556,249862.162,3688383.35200000,0.00000000
884,126.313414,33.305555,249862.3399,3688383.26200000,0.00000000
885,126.313416,33.305554,249862.5151,3688383.17300000,0.00000000
886,126.313418,33.305554,249862.6904,3688383.07800000,0.00000000
887,126.31342,33.305553,249862.8596,3688382.98600000,0.00000000
888,126.313422,33.305552,249863.0248,3688382.89700000,0.00000000
889,126.313424,33.305551,249863.1997,3688382.82300000,0.00000000
890,126.313426,33.305551,249863.3849,3688382.76300000,0.00000000
891,126.313428,33.30555,249863.5587,3688382.68400000,0.00000000
892,126.31343,33.305549,249863.731,3688382.59300000,0.00000000
893,126.313432,33.305549,249863.9153,3688382.52300000,0.00000000
894,126.313433,33.305548,249864.0927,3688382.44100000,0.00000000
895,126.313435,33.305547,249864.2643,3688382.35700000,0.00000000
896,126.313437,33.305547,249864.432,3688382.27600000,0.00000000
897,126.313439,33.305546,249864.6046,3688382.20000000,0.00000000
898,126.313441,33.305545,249864.7835,3688382.12800000,0.00000000
899,126.313443,33.305545,249864.9554,3688382.03500000,0.00000000
900,126.313445,33.305544,249865.1338,3688381.94600000,0.00000000
901,126.313447,33.305543,249865.3065,3688381.86100000,0.00000000
902,126.313449,33.305542,249865.4852,3688381.77700000,0.00000000
903,126.31345,33.305542,249865.6603,3688381.69700000,0.00000000
904,126.313452,33.305541,249865.8352,3688381.61700000,0.00000000
905,126.313454,33.30554,249866.0093,3688381.53800000,0.00000000
906,126.313456,33.30554,249866.1889,3688381.45600000,0.00000000
907,126.313458,33.305539,249866.3681,3688381.38900000,0.00000000
908,126.31346,33.305539,249866.5506,3688381.31800000,0.00000000
909,126.313462,33.305538,249866.7213,3688381.24100000,0.00000000
910,126.313464,33.305537,249866.9045,3688381.17400000,0.00000000
911,126.313466,33.305537,249867.0868,3688381.10100000,0.00000000
912,126.313468,33.305536,249867.2661,3688381.03000000,0.00000000
913,126.31347,33.305536,249867.446,3688380.97700000,0.00000000
914,126.313472,33.305535,249867.631,3688380.93200000,0.00000000
915,126.313474,33.305535,249867.8201,3688380.90800000,0.00000000
916,126.313476,33.305535,249868.0147,3688380.90500000,0.00000000
917,126.313478,33.305535,249868.2129,3688380.91600000,0.00000000
918,126.31348,33.305535,249868.4076,3688380.91200000,0.00000000
919,126.313482,33.305535,249868.5929,3688380.91700000,0.00000000
920,126.313484,33.305536,249868.7767,3688380.93300000,0.00000000
921,126.313486,33.305536,249868.9676,3688380.96400000,0.00000000
922,126.313488,33.305536,249869.1495,3688381.00700000,0.00000000
923,126.31349,33.305537,249869.3401,3688381.05400000,0.00000000
924,126.313492,33.305537,249869.5293,3688381.11300000,0.00000000
925,126.313494,33.305538,249869.7192,3688381.16900000,0.00000000
926,126.313496,33.305539,249869.8969,3688381.23200000,0.00000000
927,126.313498,33.305539,249870.0802,3688381.30200000,0.00000000
928,126.3135,33.30554,249870.2625,3688381.36700000,0.00000000
929,126.313502,33.30554,249870.457,3688381.41100000,0.00000000
930,126.313504,33.305541,249870.6448,3688381.46900000,0.00000000
931,126.313506,33.305542,249870.8215,3688381.53500000,0.00000000
932,126.313508,33.305542,249871.0026,3688381.60100000,0.00000000
933,126.31351,33.305543,249871.1827,3688381.65400000,0.00000000
934,126.313512,33.305543,249871.3769,3688381.69800000,0.00000000
935,126.313514,33.305543,249871.5632,3688381.73700000,0.00000000
936,126.313516,33.305544,249871.7525,3688381.79600000,0.00000000
937,126.313518,33.305545,249871.9459,3688381.84300000,0.00000000
938,126.31352,33.305545,249872.1353,3688381.88600000,0.00000000
939,126.313522,33.305545,249872.323,3688381.92900000,0.00000000
940,126.313524,33.305546,249872.5162,3688381.97100000,0.00000000
941,126.313526,33.305546,249872.7057,3688382.01200000,0.00000000
942,126.313528,33.305547,249872.8917,3688382.05400000,0.00000000
943,126.31353,33.305547,249873.0813,3688382.10900000,0.00000000
944,126.313532,33.305548,249873.2696,3688382.14100000,0.00000000
945,126.313534,33.305548,249873.4628,3688382.16000000,0.00000000
946,126.313536,33.305548,249873.6551,3688382.16400000,0.00000000
947,126.313538,33.305548,249873.8457,3688382.16200000,0.00000000
948,126.31354,33.305548,249874.0396,3688382.17300000,0.00000000
949,126.313542,33.305548,249874.2326,3688382.18300000,0.00000000
950,126.313544,33.305548,249874.4174,3688382.20400000,0.00000000
951,126.313546,33.305549,249874.6079,3688382.22900000,0.00000000
952,126.313548,33.305549,249874.7959,3688382.25300000,0.00000000
953,126.31355,33.305549,249874.9894,3688382.27700000,0.00000000
954,126.313553,33.30555,249875.1836,3688382.31800000,0.00000000
955,126.313555,33.30555,249875.3718,3688382.34600000,0.00000000
956,126.313557,33.30555,249875.5646,3688382.37300000,0.00000000
957,126.313559,33.30555,249875.7614,3688382.40000000,0.00000000
958,126.313561,33.305551,249875.9591,3688382.42300000,0.00000000
959,126.313563,33.305551,249876.1558,3688382.43500000,0.00000000
960,126.313565,33.305551,249876.3541,3688382.44500000,0.00000000
961,126.313567,33.305551,249876.5532,3688382.44100000,0.00000000
962,126.313569,33.305551,249876.7412,3688382.42000000,0.00000000
963,126.313571,33.305551,249876.9343,3688382.42400000,0.00000000
964,126.313573,33.305551,249877.1258,3688382.42700000,0.00000000
965,126.313575,33.305551,249877.3133,3688382.42200000,0.00000000
966,126.313577,33.305551,249877.5007,3688382.41700000,0.00000000
967,126.313579,33.305551,249877.688,3688382.40500000,0.00000000
968,126.313581,33.305551,249877.8755,3688382.38300000,0.00000000
969,126.313583,33.305551,249878.0715,3688382.35600000,0.00000000
970,126.313586,33.30555,249878.2653,3688382.32000000,0.00000000
971,126.313588,33.30555,249878.4531,3688382.28500000,0.00000000
972,126.31359,33.30555,249878.649,3688382.26100000,0.00000000
973,126.313592,33.30555,249878.8395,3688382.21800000,0.00000000
974,126.313594,33.305549,249879.0345,3688382.17600000,0.00000000
975,126.313596,33.305549,249879.2309,3688382.14100000,0.00000000
976,126.313598,33.305549,249879.4232,3688382.10300000,0.00000000
977,126.3136,33.305548,249879.6131,3688382.04900000,0.00000000
978,126.313602,33.305548,249879.8041,3688381.99900000,0.00000000
979,126.313604,33.305547,249879.9874,3688381.96300000,0.00000000
980,126.313606,33.305547,249880.176,3688381.91400000,0.00000000
981,126.313608,33.305547,249880.3555,3688381.84800000,0.00000000
982,126.31361,33.305546,249880.5337,3688381.78200000,0.00000000
983,126.313612,33.305546,249880.7235,3688381.72900000,0.00000000
984,126.313614,33.305545,249880.8997,3688381.65600000,0.00000000
985,126.313616,33.305544,249881.075,3688381.58800000,0.00000000
986,126.313618,33.305544,249881.2504,3688381.51900000,0.00000000
987,126.31362,33.305543,249881.4267,3688381.43800000,0.00000000
988,126.313622,33.305542,249881.6023,3688381.36300000,0.00000000
989,126.313624,33.305542,249881.7834,3688381.29000000,0.00000000
990,126.313626,33.305541,249881.9641,3688381.22300000,0.00000000
991,126.313628,33.305541,249882.1456,3688381.14500000,0.00000000
992,126.313629,33.30554,249882.3226,3688381.06100000,0.00000000
993,126.313631,33.305539,249882.4941,3688380.98200000,0.00000000
994,126.313633,33.305538,249882.668,3688380.89100000,0.00000000
995,126.313635,33.305538,249882.838,3688380.80700000,0.00000000
996,126.313637,33.305537,249883.0065,3688380.71200000,0.00000000
997,126.313639,33.305536,249883.1744,3688380.61000000,0.00000000
998,126.313641,33.305535,249883.3471,3688380.52400000,0.00000000
999,126.313642,33.305534,249883.5193,3688380.42300000,0.00000000
1000,126.313644,33.305534,249883.6906,3688380.32200000,0.00000000
1001,126.313646,33.305533,249883.8591,3688380.22300000,0.00000000
1002,126.313648,33.305532,249884.0293,3688380.12700000,0.00000000
1003,126.31365,33.305531,249884.2001,3688380.03000000,0.00000000
1004,126.313652,33.30553,249884.3514,3688379.91800000,0.00000000
1005,126.313653,33.305529,249884.5097,3688379.80200000,0.00000000
1006,126.313655,33.305528,249884.6588,3688379.69000000,0.00000000
1007,126.313657,33.305527,249884.808,3688379.56800000,0.00000000
1008,126.313658,33.305526,249884.9409,3688379.43200000,0.00000000
1009,126.31366,33.305525,249885.0818,3688379.29900000,0.00000000
1010,126.313661,33.305523,249885.2203,3688379.16300000,0.00000000
1011,126.313663,33.305522,249885.3584,3688379.02400000,0.00000000
1012,126.313664,33.305521,249885.4866,3688378.87900000,0.00000000
1013,126.313666,33.30552,249885.6243,3688378.73600000,0.00000000
1014,126.313667,33.305518,249885.7397,3688378.59100000,0.00000000
1015,126.313668,33.305517,249885.8557,3688378.43600000,0.00000000
1016,126.313669,33.305516,249885.9688,3688378.28500000,0.00000000
1017,126.313671,33.305514,249886.0743,3688378.11800000,0.00000000
1018,126.313672,33.305513,249886.1758,3688377.95900000,0.00000000
1019,126.313673,33.305511,249886.2803,3688377.78900000,0.00000000
1020,126.313674,33.30551,249886.3645,3688377.61100000,0.00000000
1021,126.313675,33.305508,249886.4493,3688377.43100000,0.00000000
1022,126.313676,33.305507,249886.5335,3688377.25300000,0.00000000
1023,126.313676,33.305505,249886.5997,3688377.07400000,0.00000000
1024,126.313677,33.305503,249886.6624,3688376.89600000,0.00000000
1025,126.313678,33.305502,249886.7242,3688376.71200000,0.00000000
1026,126.313679,33.3055,249886.7814,3688376.53400000,0.00000000
1027,126.313679,33.305498,249886.843,3688376.34700000,0.00000000
1028,126.31368,33.305497,249886.9138,3688376.16500000,0.00000000
1029,126.313681,33.305495,249886.9703,3688375.98000000,0.00000000
1030,126.313681,33.305494,249887.0341,3688375.79700000,0.00000000
1031,126.313682,33.305492,249887.1044,3688375.61100000,0.00000000
1032,126.313683,33.30549,249887.1706,3688375.42700000,0.00000000
1033,126.313684,33.305489,249887.2385,3688375.25300000,0.00000000
1034,126.313685,33.305487,249887.316,3688375.07100000,0.00000000
1035,126.313686,33.305485,249887.3981,3688374.89000000,0.00000000
1036,126.313687,33.305484,249887.4795,3688374.72200000,0.00000000
1037,126.313688,33.305482,249887.5685,3688374.54400000,0.00000000
1038,126.313689,33.305481,249887.6554,3688374.37500000,0.00000000
1039,126.31369,33.305479,249887.7543,3688374.20400000,0.00000000
1040,126.313691,33.305478,249887.8527,3688374.03300000,0.00000000
1041,126.313692,33.305476,249887.9581,3688373.87800000,0.00000000
1042,126.313693,33.305475,249888.058,3688373.72200000,0.00000000
1043,126.313694,33.305474,249888.1537,3688373.55600000,0.00000000
1044,126.313695,33.305472,249888.2491,3688373.39000000,0.00000000
1045,126.313696,33.305471,249888.3647,3688373.22900000,0.00000000
1046,126.313698,33.305469,249888.4643,3688373.06200000,0.00000000
1047,126.313699,33.305468,249888.5755,3688372.90400000,0.00000000
1048,126.3137,33.305467,249888.6913,3688372.75900000,0.00000000
1049,126.313701,33.305465,249888.8113,3688372.60800000,0.00000000
1050,126.313703,33.305464,249888.9326,3688372.45600000,0.00000000
1051,126.313704,33.305463,249889.0532,3688372.30500000,0.00000000
1052,126.313705,33.305461,249889.1766,3688372.16300000,0.00000000
1053,126.313707,33.30546,249889.3027,3688372.02000000,0.00000000
1054,126.313708,33.305459,249889.4264,3688371.87800000,0.00000000
1055,126.31371,33.305458,249889.5591,3688371.73000000,0.00000000
1056,126.313711,33.305456,249889.6978,3688371.58800000,0.00000000
1057,126.313713,33.305455,249889.8428,3688371.45500000,0.00000000
1058,126.313714,33.305454,249889.9886,3688371.32200000,0.00000000
1059,126.313716,33.305453,249890.124,3688371.19100000,0.00000000
1060,126.313717,33.305452,249890.2641,3688371.05700000,0.00000000
1061,126.313719,33.30545,249890.4101,3688370.92100000,0.00000000
1062,126.313721,33.305449,249890.5469,3688370.79200000,0.00000000
1063,126.313722,33.305448,249890.689,3688370.67100000,0.00000000
1064,126.313724,33.305447,249890.8451,3688370.54800000,0.00000000
1065,126.313726,33.305446,249891.0032,3688370.43400000,0.00000000
1066,126.313727,33.305445,249891.1601,3688370.32400000,0.00000000
1067,126.313729,33.305444,249891.3248,3688370.21900000,0.00000000
1068,126.313731,33.305443,249891.4873,3688370.10800000,0.00000000
1069,126.313733,33.305442,249891.6544,3688370.00200000,0.00000000
1070,126.313734,33.305442,249891.8189,3688369.89800000,0.00000000
1071,126.313736,33.305441,249891.9899,3688369.80900000,0.00000000
1072,126.313738,33.30544,249892.1698,3688369.72500000,0.00000000
1073,126.31374,33.305439,249892.3395,3688369.65400000,0.00000000
1074,126.313742,33.305439,249892.5158,3688369.58900000,0.00000000
1075,126.313744,33.305438,249892.6949,3688369.52300000,0.00000000
1076,126.313746,33.305438,249892.8819,3688369.47300000,0.00000000
1077,126.313748,33.305438,249893.0612,3688369.42300000,0.00000000
1078,126.31375,33.305437,249893.2451,3688369.38100000,0.00000000
1079,126.313752,33.305437,249893.4283,3688369.34900000,0.00000000
1080,126.313754,33.305437,249893.6211,3688369.31300000,0.00000000
1081,126.313756,33.305436,249893.8124,3688369.27500000,0.00000000
1082,126.313758,33.305436,249894.0003,3688369.25200000,0.00000000
1083,126.31376,33.305436,249894.1928,3688369.23000000,0.00000000
1084,126.313762,33.305436,249894.3836,3688369.20700000,0.00000000
1085,126.313764,33.305436,249894.5704,3688369.17500000,0.00000000
1086,126.313766,33.305436,249894.7573,3688369.15300000,0.00000000
1087,126.313768,33.305435,249894.9457,3688369.14000000,0.00000000
1088,126.31377,33.305435,249895.1351,3688369.12500000,0.00000000
1089,126.313772,33.305435,249895.3306,3688369.12000000,0.00000000
1090,126.313774,33.305435,249895.5301,3688369.11500000,0.00000000
1091,126.313777,33.305435,249895.721,3688369.12200000,0.00000000
1092,126.313779,33.305436,249895.9123,3688369.13200000,0.00000000
1093,126.313781,33.305436,249896.1014,3688369.15100000,0.00000000
1094,126.313783,33.305436,249896.291,3688369.19000000,0.00000000
1095,126.313785,33.305436,249896.484,3688369.21700000,0.00000000
1096,126.313787,33.305437,249896.6735,3688369.25900000,0.00000000
1097,126.313789,33.305437,249896.8645,3688369.30300000,0.00000000
1098,126.313791,33.305438,249897.0497,3688369.36100000,0.00000000
1099,126.313793,33.305439,249897.2285,3688369.43000000,0.00000000
1100,126.313795,33.305439,249897.413,3688369.50500000,0.00000000
1101,126.313796,33.30544,249897.5863,3688369.59900000,0.00000000
1102,126.313798,33.305441,249897.7491,3688369.69300000,0.00000000
1103,126.3138,33.305442,249897.9073,3688369.80700000,0.00000000
1104,126.313802,33.305443,249898.0735,3688369.91200000,0.00000000
1105,126.313803,33.305444,249898.2288,3688370.01200000,0.00000000
1106,126.313805,33.305445,249898.3838,3688370.12500000,0.00000000
1107,126.313806,33.305446,249898.5349,3688370.24500000,0.00000000
1108,126.313808,33.305447,249898.6676,3688370.38000000,0.00000000
1109,126.313809,33.305449,249898.8119,3688370.51400000,0.00000000
1110,126.313811,33.30545,249898.9528,3688370.64400000,0.00000000
1111,126.313812,33.305451,249899.0848,3688370.78700000,0.00000000
1112,126.313813,33.305453,249899.2051,3688370.93600000,0.00000000
1113,126.313815,33.305454,249899.3274,3688371.08800000,0.00000000
1114,126.313816,33.305455,249899.4496,3688371.24100000,0.00000000
1115,126.313817,33.305457,249899.5728,3688371.38500000,0.00000000
1116,126.313819,33.305458,249899.6978,3688371.54000000,0.00000000
1117,126.31382,33.30546,249899.8095,3688371.70200000,0.00000000
1118,126.313821,33.305461,249899.9117,3688371.86200000,0.00000000
1119,126.313822,33.305463,249900.0085,3688372.03200000,0.00000000
1120,126.313822,33.305464,249900.0695,3688372.21400000,0.00000000
1121,126.313823,33.305466,249900.1465,3688372.38200000,0.00000000
1122,126.313824,33.305468,249900.2167,3688372.56500000,0.00000000
1123,126.313824,33.305469,249900.2707,3688372.74500000,0.00000000
1124,126.313825,33.305471,249900.3303,3688372.92600000,0.00000000
1125,126.313825,33.305472,249900.388,3688373.11300000,0.00000000
1126,126.313826,33.305474,249900.4307,3688373.30600000,0.00000000
1127,126.313826,33.305476,249900.4543,3688373.49900000,0.00000000
1128,126.313826,33.305478,249900.4898,3688373.68800000,0.00000000
1129,126.313827,33.305479,249900.5409,3688373.86400000,0.00000000
1130,126.313827,33.305481,249900.5985,3688374.05100000,0.00000000
1131,126.313828,33.305483,249900.6288,3688374.24500000,0.00000000
1132,126.313828,33.305484,249900.6588,3688374.43700000,0.00000000
1133,126.313828,33.305486,249900.6905,3688374.63400000,0.00000000
1134,126.313829,33.305488,249900.7236,3688374.81600000,0.00000000
1135,126.313829,33.30549,249900.7483,3688375.00900000,0.00000000
1136,126.313829,33.305491,249900.7547,3688375.20700000,0.00000000
1137,126.313829,33.305493,249900.7895,3688375.40300000,0.00000000
1138,126.313829,33.305495,249900.8128,3688375.60100000,0.00000000
1139,126.31383,33.305497,249900.8508,3688375.79600000,0.00000000
1140,126.31383,33.305499,249900.8911,3688375.99100000,0.00000000
1141,126.313831,33.3055,249900.9414,3688376.18200000,0.00000000
1142,126.313831,33.305502,249901.0041,3688376.36400000,0.00000000
1143,126.313832,33.305503,249901.096,3688376.53400000,0.00000000
1144,126.313833,33.305505,249901.2005,3688376.70200000,0.00000000
1145,126.313835,33.305506,249901.3267,3688376.85000000,0.00000000
1146,126.313836,33.305508,249901.4525,3688376.99200000,0.00000000
1147,126.313837,33.305509,249901.5847,3688377.13200000,0.00000000
1148,126.313839,33.30551,249901.7334,3688377.25600000,0.00000000
1149,126.313841,33.305511,249901.8974,3688377.35900000,0.00000000
1150,126.313842,33.305512,249902.0669,3688377.45500000,0.00000000
1151,126.313844,33.305513,249902.2313,3688377.55500000,0.00000000
1152,126.313846,33.305514,249902.4043,3688377.63700000,0.00000000
1153,126.313848,33.305514,249902.5825,3688377.71400000,0.00000000
1154,126.31385,33.305515,249902.759,3688377.77800000,0.00000000
1155,126.313852,33.305516,249902.9414,3688377.83700000,0.00000000
1156,126.313853,33.305516,249903.12,3688377.89300000,0.00000000
1157,126.313856,33.305517,249903.3111,3688377.94900000,0.00000000
1158,126.313858,33.305517,249903.4989,3688377.98900000,0.00000000
1159,126.31386,33.305518,249903.6872,3688378.03200000,0.00000000
1160,126.313862,33.305518,249903.8786,3688378.08800000,0.00000000
1161,126.313863,33.305519,249904.0588,3688378.14100000,0.00000000
1162,126.313865,33.305519,249904.2415,3688378.20000000,0.00000000
1163,126.313867,33.30552,249904.4164,3688378.26800000,0.00000000
1164,126.313869,33.30552,249904.6026,3688378.32600000,0.00000000
1165,126.313871,33.305521,249904.7858,3688378.38400000,0.00000000
1166,126.313873,33.305521,249904.9765,3688378.42800000,0.00000000
1167,126.313875,33.305522,249905.1573,3688378.46800000,0.00000000
1168,126.313877,33.305522,249905.3487,3688378.51900000,0.00000000
1169,126.313879,33.305523,249905.5434,3688378.56000000,0.00000000
1170,126.313881,33.305523,249905.7278,3688378.61800000,0.00000000
1171,126.313883,33.305524,249905.9193,3688378.66000000,0.00000000
1172,126.313885,33.305524,249906.1096,3688378.71500000,0.00000000
1173,126.313887,33.305525,249906.2935,3688378.77800000,0.00000000
1174,126.313889,33.305525,249906.4784,3688378.83100000,0.00000000
1175,126.313891,33.305526,249906.6641,3688378.87700000,0.00000000
1176,126.313893,33.305526,249906.8611,3688378.91100000,0.00000000
1177,126.313895,33.305527,249907.0474,3688378.94800000,0.00000000
1178,126.313897,33.305527,249907.2422,3688378.99000000,0.00000000
1179,126.313899,33.305527,249907.4356,3688379.03300000,0.00000000
1180,126.313902,33.305528,249907.6314,3688379.07300000,0.00000000
1181,126.313904,33.305528,249907.8207,3688379.09800000,0.00000000
1182,126.313906,33.305528,249908.0161,3688379.12400000,0.00000000
1183,126.313908,33.305529,249908.2136,3688379.15300000,0.00000000
1184,126.31391,33.305529,249908.4027,3688379.19400000,0.00000000
1185,126.313912,33.30553,249908.5914,3688379.23700000,0.00000000
1186,126.313914,33.30553,249908.7877,3688379.26800000,0.00000000
1187,126.313916,33.30553,249908.9841,3688379.28200000,0.00000000
1188,126.313918,33.30553,249909.1702,3688379.30500000,0.00000000
1189,126.31392,33.305531,249909.359,3688379.33200000,0.00000000
1190,126.313922,33.305531,249909.549,3688379.33400000,0.00000000
1191,126.313924,33.305531,249909.7448,3688379.34900000,0.00000000
1192,126.313926,33.305531,249909.9292,3688379.36800000,0.00000000
1193,126.313928,33.305531,249910.1223,3688379.37800000,0.00000000
1194,126.31393,33.305531,249910.3218,3688379.38800000,0.00000000
1195,126.313932,33.305531,249910.5199,3688379.39700000,0.00000000
1196,126.313935,33.305532,249910.7091,3688379.39700000,0.00000000
1197,126.313937,33.305532,249910.8979,3688379.39200000,0.00000000
1198,126.313939,33.305532,249911.0877,3688379.38700000,0.00000000
1199,126.313941,33.305532,249911.2855,3688379.38200000,0.00000000
1200,126.313943,33.305531,249911.4817,3688379.35000000,0.00000000
1201,126.313945,33.305531,249911.6773,3688379.32400000,0.00000000
1202,126.313947,33.305531,249911.8633,3688379.30300000,0.00000000
1203,126.313949,33.305531,249912.0548,3688379.27600000,0.00000000
1204,126.313951,33.30553,249912.2422,3688379.23900000,0.00000000
1205,126.313953,33.30553,249912.4331,3688379.18500000,0.00000000
1206,126.313955,33.30553,249912.6259,3688379.14900000,0.00000000
1207,126.313957,33.305529,249912.819,3688379.09800000,0.00000000
1208,126.313959,33.305529,249912.9987,3688379.03900000,0.00000000
1209,126.313961,33.305528,249913.1759,3688378.97700000,0.00000000
1210,126.313963,33.305528,249913.3641,3688378.91100000,0.00000000
1211,126.313965,33.305527,249913.55,3688378.85700000,0.00000000
1212,126.313967,33.305527,249913.7351,3688378.79300000,0.00000000
1213,126.313969,33.305526,249913.9136,3688378.72800000,0.00000000
1214,126.313971,33.305526,249914.0906,3688378.66000000,0.00000000
1215,126.313973,33.305525,249914.2741,3688378.58400000,0.00000000
1216,126.313975,33.305524,249914.4423,3688378.50800000,0.00000000
1217,126.313977,33.305524,249914.6115,3688378.40900000,0.00000000
1218,126.313979,33.305523,249914.7865,3688378.31700000,0.00000000
1219,126.31398,33.305522,249914.9562,3688378.21800000,0.00000000
1220,126.313982,33.305521,249915.1195,3688378.11700000,0.00000000
1221,126.313984,33.30552,249915.277,3688378.00800000,0.00000000
1222,126.313986,33.305519,249915.4338,3688377.88500000,0.00000000
1223,126.313987,33.305518,249915.5878,3688377.75800000,0.00000000
1224,126.313989,33.305517,249915.7379,3688377.63700000,0.00000000
1225,126.313991,33.305516,249915.8897,3688377.51000000,0.00000000
1226,126.313992,33.305515,249916.0383,3688377.38000000,0.00000000
1227,126.313994,33.305513,249916.1816,3688377.24900000,0.00000000
1228,126.313995,33.305512,249916.3258,3688377.11800000,0.00000000
1229,126.313997,33.305511,249916.4695,3688376.98700000,0.00000000
1230,126.313998,33.30551,249916.6061,3688376.86000000,0.00000000
1231,126.314,33.305509,249916.7475,3688376.72700000,0.00000000
1232,126.314002,33.305508,249916.8823,3688376.58700000,0.00000000
1233,126.314003,33.305506,249916.9996,3688376.43700000,0.00000000
1234,126.314004,33.305505,249917.1083,3688376.28800000,0.00000000
1235,126.314005,33.305504,249917.2253,3688376.14100000,0.00000000
1236,126.314007,33.305502,249917.3426,3688375.99400000,0.00000000
1237,126.314008,33.305501,249917.4541,3688375.84500000,0.00000000
1238,126.314009,33.3055,249917.5655,3688375.69500000,0.00000000
1239,126.31401,33.305498,249917.686,3688375.55000000,0.00000000
1240,126.314012,33.305497,249917.8028,3688375.40100000,0.00000000
1241,126.314013,33.305496,249917.9117,3688375.24100000,0.00000000
1242,126.314014,33.305494,249918.0174,3688375.07200000,0.00000000
1243,126.314015,33.305493,249918.1285,3688374.91200000,0.00000000
1244,126.314017,33.305491,249918.251,3688374.75800000,0.00000000
1245,126.314018,33.30549,249918.3746,3688374.60200000,0.00000000
1246,126.314019,33.305489,249918.4892,3688374.44200000,0.00000000
1247,126.314021,33.305487,249918.6138,3688374.29800000,0.00000000
1248,126.314022,33.305486,249918.7542,3688374.16100000,0.00000000
1249,126.314024,33.305485,249918.8927,3688374.02000000,0.00000000
1250,126.314025,33.305484,249919.0288,3688373.87800000,0.00000000
1251,126.314027,33.305483,249919.1697,3688373.74600000,0.00000000
1252,126.314028,33.305481,249919.3133,3688373.61500000,0.00000000
1253,126.31403,33.30548,249919.457,3688373.48700000,0.00000000
1254,126.314032,33.305479,249919.6108,3688373.36400000,0.00000000
1255,126.314033,33.305478,249919.7651,3688373.24100000,0.00000000
1256,126.314035,33.305477,249919.919,3688373.11800000,0.00000000
1257,126.314037,33.305476,249920.0657,3688372.99000000,0.00000000
1258,126.314038,33.305475,249920.1966,3688372.84800000,0.00000000
1259,126.31404,33.305474,249920.3476,3688372.73100000,0.00000000
1260,126.314041,33.305473,249920.4964,3688372.61200000,0.00000000
1261,126.314043,33.305472,249920.6407,3688372.48900000,0.00000000
1262,126.314045,33.30547,249920.7878,3688372.36400000,0.00000000
1263,126.314046,33.305469,249920.9359,3688372.23100000,0.00000000
1264,126.314048,33.305468,249921.1009,3688372.11900000,0.00000000
1265,126.31405,33.305467,249921.2525,3688371.99600000,0.00000000
1266,126.314051,33.305466,249921.4014,3688371.87500000,0.00000000
1267,126.314053,33.305465,249921.5499,3688371.76000000,0.00000000
1268,126.314055,33.305464,249921.7051,3688371.64700000,0.00000000
1269,126.314056,33.305463,249921.8508,3688371.52500000,0.00000000
1270,126.314058,33.305462,249922.0116,3688371.41100000,0.00000000
1271,126.31406,33.305461,249922.1739,3688371.29600000,0.00000000
1272,126.314061,33.30546,249922.3315,3688371.17400000,0.00000000
1273,126.314063,33.305459,249922.49,3688371.05900000,0.00000000
1274,126.314065,33.305458,249922.6463,3688370.95100000,0.00000000
1275,126.314067,33.305457,249922.8072,3688370.84400000,0.00000000
1276,126.314068,33.305456,249922.9693,3688370.73900000,0.00000000
1277,126.31407,33.305455,249923.1248,3688370.62400000,0.00000000
1278,126.314072,33.305454,249923.2828,3688370.50900000,0.00000000
1279,126.314074,33.305453,249923.433,3688370.39000000,0.00000000
1280,126.314075,33.305452,249923.5877,3688370.28100000,0.00000000
1281,126.314077,33.305451,249923.7356,3688370.16200000,0.00000000
1282,126.314078,33.30545,249923.8861,3688370.04500000,0.00000000
1283,126.31408,33.305449,249924.0418,3688369.92900000,0.00000000
1284,126.314082,33.305448,249924.1959,3688369.81400000,0.00000000
1285,126.314084,33.305447,249924.3582,3688369.70500000,0.00000000
1286,126.314085,33.305446,249924.5188,3688369.59600000,0.00000000
1287,126.314087,33.305445,249924.6686,3688369.47300000,0.00000000
1288,126.314089,33.305444,249924.8169,3688369.35400000,0.00000000
1289,126.31409,33.305443,249924.9733,3688369.23900000,0.00000000
1290,126.314092,33.305442,249925.1378,3688369.12600000,0.00000000
1291,126.314094,33.305441,249925.3038,3688369.01600000,0.00000000
1292,126.314096,33.305441,249925.4736,3688368.92700000,0.00000000
1293,126.314098,33.30544,249925.6391,3688368.82000000,0.00000000
1294,126.314099,33.305439,249925.8034,3688368.71300000,0.00000000
1295,126.314101,33.305438,249925.9689,3688368.61400000,0.00000000
1296,126.314103,33.305437,249926.1298,3688368.50700000,0.00000000
1297,126.314105,33.305436,249926.3003,3688368.40900000,0.00000000
1298,126.314107,33.305435,249926.4717,3688368.31900000,0.00000000
1299,126.314108,33.305435,249926.6345,3688368.22400000,0.00000000
1300,126.31411,33.305434,249926.8037,3688368.12500000,0.00000000
1301,126.314112,33.305433,249926.9755,3688368.02500000,0.00000000
1302,126.314114,33.305432,249927.1516,3688367.93600000,0.00000000
1303,126.314116,33.305431,249927.317,3688367.84500000,0.00000000
1304,126.314118,33.305431,249927.4857,3688367.76100000,0.00000000
1305,126.31412,33.30543,249927.6638,3688367.68800000,0.00000000
1306,126.314122,33.305429,249927.8442,3688367.61800000,0.00000000
1307,126.314124,33.305429,249928.0285,3688367.54100000,0.00000000
1308,126.314126,33.305428,249928.2116,3688367.47000000,0.00000000
1309,126.314128,33.305427,249928.3964,3688367.39500000,0.00000000
1310,126.31413,33.305427,249928.5821,3688367.32100000,0.00000000
1311,126.314132,33.305426,249928.7673,3688367.25200000,0.00000000
1312,126.314134,33.305426,249928.9527,3688367.18800000,0.00000000
1313,126.314136,33.305425,249929.1379,3688367.13200000,0.00000000
1314,126.314138,33.305425,249929.3274,3688367.07400000,0.00000000
1315,126.31414,33.305424,249929.5173,3688367.01800000,0.00000000
1316,126.314142,33.305424,249929.703,3688366.96500000,0.00000000
1317,126.314144,33.305424,249929.8884,3688366.92000000,0.00000000
1318,126.314146,33.305423,249930.0756,3688366.87900000,0.00000000
1319,126.314148,33.305423,249930.2562,3688366.82700000,0.00000000
1320,126.31415,33.305422,249930.4449,3688366.77000000,0.00000000
1321,126.314152,33.305422,249930.6332,3688366.72300000,0.00000000
1322,126.314154,33.305421,249930.8191,3688366.66600000,0.00000000
1323,126.314156,33.305421,249931.0111,3688366.62400000,0.00000000
1324,126.314158,33.305421,249931.199,3688366.57200000,0.00000000
1325,126.31416,33.30542,249931.3894,3688366.53500000,0.00000000
1326,126.314162,33.30542,249931.5814,3688366.49300000,0.00000000
1327,126.314163,33.30542,249931.713,3688366.46200000,0.00000000
1328,126.314164,33.30542,249931.7201,3688366.46200000,0.00000000
1329,126.314164,33.30542,249931.7323,3688366.45100000,0.00000000
1330,126.314164,33.30542,249931.7325,3688366.45800000,0.00000000
1331,126.314164,33.30542,249931.7321,3688366.44300000,0.00000000
1332,126.314164,33.30542,249931.7325,3688366.45800000,0.00000000
1333,126.314164,33.30542,249931.7323,3688366.45100000,0.00000000
1334,126.314164,33.30542,249931.7323,3688366.45100000,0.00000000
1335,126.314164,33.30542,249931.7473,3688366.44300000,0.00000000
1336,126.314164,33.30542,249931.7966,3688366.44100000,0.00000000
1337,126.314166,33.305419,249931.9856,3688366.38500000,0.00000000
1338,126.314168,33.305419,249932.1729,3688366.33800000,0.00000000
1339,126.314171,33.305419,249932.3694,3688366.31000000,0.00000000
1340,126.314173,33.305418,249932.5648,3688366.27300000,0.00000000
1341,126.314175,33.305418,249932.7515,3688366.24100000,0.00000000
1342,126.314177,33.305418,249932.9445,3688366.21700000,0.00000000
1343,126.314179,33.305418,249933.1352,3688366.19100000,0.00000000
1344,126.314181,33.305418,249933.3255,3688366.16400000,0.00000000
1345,126.314183,33.305417,249933.5152,3688366.12000000,0.00000000
1346,126.314185,33.305417,249933.7127,3688366.10200000,0.00000000
1347,126.314187,33.305417,249933.9015,3688366.07200000,0.00000000
1348,126.314189,33.305416,249934.0957,3688366.02800000,0.00000000
1349,126.314191,33.305416,249934.2888,3688366.00400000,0.00000000
1350,126.314193,33.305416,249934.4846,3688365.96500000,0.00000000
1351,126.314195,33.305416,249934.6804,3688365.92700000,0.00000000
1352,126.314198,33.305416,249934.8765,3688365.90100000,0.00000000
1353,126.3142,33.305415,249935.0713,3688365.87700000,0.00000000
1354,126.314202,33.305415,249935.2672,3688365.85300000,0.00000000
1355,126.314204,33.305415,249935.4638,3688365.84200000,0.00000000
1356,126.314206,33.305415,249935.6598,3688365.82400000,0.00000000
1357,126.314208,33.305415,249935.8537,3688365.80600000,0.00000000
1358,126.31421,33.305415,249936.0483,3688365.79600000,0.00000000
1359,126.314212,33.305415,249936.2467,3688365.77400000,0.00000000
1360,126.314214,33.305415,249936.4388,3688365.76700000,0.00000000
1361,126.314216,33.305415,249936.6283,3688365.74900000,0.00000000
1362,126.314218,33.305414,249936.816,3688365.72800000,0.00000000
1363,126.31422,33.305414,249937.002,3688365.70700000,0.00000000
1364,126.314222,33.305414,249937.1936,3688365.68600000,0.00000000
1365,126.314225,33.305414,249937.3838,3688365.66900000,0.00000000
1366,126.314227,33.305414,249937.5833,3688365.66400000,0.00000000
1367,126.314229,33.305414,249937.7829,3688365.65900000,0.00000000
1368,126.314231,33.305414,249937.9731,3688365.64100000,0.00000000
1369,126.314233,33.305414,249938.1566,3688365.63000000,0.00000000
1370,126.314235,33.305414,249938.3417,3688365.62600000,0.00000000
1371,126.314237,33.305414,249938.5363,3688365.62100000,0.00000000
1372,126.314239,33.305414,249938.7341,3688365.61600000,0.00000000
1373,126.314241,33.305414,249938.9337,3688365.61000000,0.00000000
1374,126.314243,33.305414,249939.1326,3688365.60400000,0.00000000
1375,126.314245,33.305414,249939.3225,3688365.60700000,0.00000000
1376,126.314247,33.305414,249939.5218,3688365.62000000,0.00000000
1377,126.31425,33.305414,249939.7127,3688365.63000000,0.00000000
1378,126.314252,33.305414,249939.9067,3688365.64000000,0.00000000
1379,126.314254,33.305414,249940.0997,3688365.65100000,0.00000000
1380,126.314256,33.305415,249940.2968,3688365.66100000,0.00000000
1381,126.314258,33.305415,249940.4864,3688365.66300000,0.00000000
1382,126.31426,33.305415,249940.6739,3688365.66200000,0.00000000
1383,126.314262,33.305415,249940.8626,3688365.67200000,0.00000000
1384,126.314264,33.305415,249941.0608,3688365.69600000,0.00000000
1385,126.314266,33.305415,249941.2517,3688365.71000000,0.00000000
1386,126.314268,33.305415,249941.4363,3688365.73100000,0.00000000
1387,126.31427,33.305416,249941.6274,3688365.76400000,0.00000000
1388,126.314272,33.305416,249941.8085,3688365.79500000,0.00000000
1389,126.314274,33.305416,249941.9986,3688365.82200000,0.00000000
1390,126.314276,33.305417,249942.188,3688365.86000000,0.00000000
1391,126.314278,33.305417,249942.3813,3688365.90300000,0.00000000
1392,126.31428,33.305418,249942.5751,3688365.94500000,0.00000000
1393,126.314282,33.305418,249942.7605,3688365.98500000,0.00000000
1394,126.314284,33.305419,249942.948,3688366.02800000,0.00000000
1395,126.314286,33.305419,249943.1425,3688366.07200000,0.00000000
1396,126.314288,33.305419,249943.3285,3688366.12500000,0.00000000
1397,126.31429,33.30542,249943.522,3688366.17300000,0.00000000
1398,126.314292,33.30542,249943.7173,3688366.21500000,0.00000000
1399,126.314294,33.305421,249943.9083,3688366.26000000,0.00000000
1400,126.314296,33.305421,249944.091,3688366.31500000,0.00000000
1401,126.314298,33.305422,249944.2781,3688366.37900000,0.00000000
1402,126.3143,33.305423,249944.461,3688366.44900000,0.00000000
1403,126.314302,33.305423,249944.6462,3688366.51700000,0.00000000
1404,126.314304,33.305424,249944.8281,3688366.58100000,0.00000000
1405,126.314306,33.305425,249945.0064,3688366.65200000,0.00000000
1406,126.314308,33.305425,249945.1946,3688366.71700000,0.00000000
1407,126.31431,33.305426,249945.3707,3688366.78200000,0.00000000
1408,126.314312,33.305427,249945.5453,3688366.85100000,0.00000000
1409,126.314314,33.305427,249945.7304,3688366.92400000,0.00000000
1410,126.314316,33.305428,249945.9096,3688366.99000000,0.00000000
1411,126.314318,33.305429,249946.0863,3688367.06100000,0.00000000
1412,126.314319,33.305429,249946.2723,3688367.12200000,0.00000000
1413,126.314321,33.30543,249946.4547,3688367.17900000,0.00000000
1414,126.314323,33.30543,249946.6295,3688367.24700000,0.00000000
1415,126.314325,33.305431,249946.824,3688367.29100000,0.00000000
1416,126.314327,33.305431,249947.01,3688367.34400000,0.00000000
1417,126.314329,33.305432,249947.1964,3688367.38800000,0.00000000
1418,126.314331,33.305432,249947.3814,3688367.43300000,0.00000000
1419,126.314333,33.305433,249947.5672,3688367.48300000,0.00000000
