index,Long,Lat,UTM_X,UTM_Y
0,127.0804512,37.5408407,330415.1446104174,4156603.6486702524
1,127.0804512,37.5408408,330415.1448370152,4156603.659766212
2,127.0804513,37.5408407,330415.1534458969,4156603.648489817
3,127.0804513,37.5408408,330415.1536724946,4156603.659585777
4,127.0804513,37.5408408,330415.1536724946,4156603.659585777
5,127.0804513,37.5408407,330415.1534458969,4156603.648489817
6,127.0804514,37.5408408,330415.16250797396,4156603.6594053423
7,127.0804514,37.5408407,330415.1622813763,4156603.648309382
8,127.0804514,37.5408407,330415.1622813763,4156603.648309382
9,127.0804513,37.5408408,330415.1536724946,4156603.659585777
10,127.0804514,37.5408409,330415.16273457167,4156603.670501302
11,127.0804514,37.5408411,330415.16318776703,4156603.6926932205
12,127.0804514,37.5408415,330415.16409415763,4156603.737077058
13,127.0804515,37.540842,330415.1740626253,4156603.792376419
14,127.0804514,37.5408427,330415.1668133298,4156603.87022857
15,127.08045159999999,37.5408435,330415.1862970693,4156603.958635375
16,127.0804517,37.540844299999996,330415.1969453296,4156604.047222614
17,127.08045179999999,37.540845,330415.2073669921,4156604.1247138954
18,127.0804519,37.5408459,330415.2182418497,4156604.224397094
19,127.080452,37.5408469,330415.22934330476,4156604.3351762523
20,127.080452,37.540847899999996,330415.23160928104,4156604.446135846
21,127.08045229999999,37.5408493,330415.26128808316,4156604.600937973
22,127.08045249999999,37.5408506,330415.2819048108,4156604.7448245743
23,127.0804529,37.5408518,330415.3199658942,4156604.8772543473
24,127.0804529,37.5408532,330415.32313826005,4156605.032597779
25,127.0804532,37.5408548,330415.35327025416,4156605.209591823
26,127.0804534,37.5408562,330415.37411357695,4156605.3645743844
27,127.0804536,37.5408577,330415.39518349455,4156605.530652906
28,127.0804538,37.5408592,330415.4162534115,4156605.696731427
29,127.0804541,37.5408609,330415.44661199977,4156605.884821431
30,127.0804544,37.540862499999996,330415.4767439895,4156606.061815477
31,127.0804544,37.540864299999996,330415.48082274327,4156606.2615427463
32,127.080455,37.540866,330415.53768776054,4156606.4490914484
33,127.080455,37.5408676,330415.54131331854,4156606.6266267984
34,127.08045539999999,37.540869199999996,330415.5802807809,4156606.803440409
35,127.08045569999999,37.5408709,330415.6106393633,4156606.9915304156
36,127.080456,37.5408726,330415.64099794684,4156607.179620421
37,127.08045639999999,37.5408744,330415.68041859986,4156607.378625952
38,127.08045689999999,37.540875899999996,330415.7279949349,4156607.54416317
39,127.08045729999999,37.540877699999996,330415.767415587,4156607.7431686996
40,127.0804577,37.5408793,330415.80638304097,4156607.9199823136
41,127.0804582,37.540881299999995,330415.8550923588,4156608.140999329
42,127.0804586,37.5408828,330415.89383321267,4156608.3067169827
43,127.08045919999999,37.5408846,330415.95092480467,4156608.505361646
44,127.0804596,37.5408861,330415.98966565775,4156608.6710793
45,127.08046019999999,37.5408878,330416.0465306487,4156608.858628005
46,127.08046069999999,37.5408895,330416.09456016374,4156609.0463571437
47,127.0804611,37.5408913,330416.1339808025,4156609.2453626757
48,127.0804617,37.540892899999996,330416.1906191928,4156609.4218154214
49,127.0804622,37.5408946,330416.2386487023,4156609.6095445626
50,127.08046259999999,37.5408963,330416.27784273704,4156609.797454135
51,127.0804632,37.540898,330416.3347077178,4156609.9850028423
52,127.08046359999999,37.540899599999996,330416.3736751528,4156610.1618164564
53,127.0804642,37.5409012,330416.43031353306,4156610.3382692053
54,127.0804647,37.5409029,330416.47834303335,4156610.525998344
55,127.0804651,37.5409046,330416.51753705984,4156610.7139079208
56,127.08046569999999,37.540906299999996,330416.57440203044,4156610.901456627
57,127.08046619999999,37.5409082,330416.62288471765,4156611.111377688
58,127.08046669999999,37.5409098,330416.6706876141,4156611.2880108715
59,127.0804673,37.540911699999995,330416.72800577065,4156611.497751499
60,127.0804677,37.5409133,330416.76697319467,4156611.6745651155
61,127.08046829999999,37.540915,330416.82383815246,4156611.862113825
62,127.0804687,37.5409167,330416.8630321693,4156612.0500234016
63,127.08046909999999,37.5409186,330416.90267937223,4156612.2601248967
64,127.0804697,37.540920299999996,330416.95954432606,4156612.4476736076
65,127.0804701,37.5409222,330416.9991915299,4156612.657775103
66,127.0804708,37.5409238,330417.06466535095,4156612.834047421
67,127.08047099999999,37.540925699999995,330417.0866416101,4156613.0445097834
68,127.0804716,37.540927499999995,330417.1437331514,4156613.243154454
69,127.080472,37.5409291,330417.1827005589,4156613.419968074
70,127.0804723,37.5409311,330417.21373888117,4156613.6413459624
71,127.08047289999999,37.5409327,330417.270377223,4156613.8177987156
72,127.0804732,37.5409346,330417.3011889444,4156614.0280806464
73,127.0804737,37.5409362,330417.3489918164,4156614.204713832
74,127.08047409999999,37.540938,330417.3884124075,4156614.4037193707
75,127.0804745,37.5409399,330417.4280595925,4156614.613820868
76,127.08047479999999,37.5409417,330417.45864471304,4156614.8130068397
77,127.0804752,37.5409436,330417.49829189735,4156615.0231083394
78,127.08047549999999,37.5409453,330417.5286504201,4156615.2111983513
79,127.0804759,37.5409472,330417.5682976015,4156615.42129985
80,127.08047599999999,37.5409491,330417.58143837703,4156615.631942646
81,127.0804764,37.5409509,330417.62085896055,4156615.8309481866
82,127.0804768,37.5409529,330417.6607327309,4156616.052145646
83,127.0804771,37.5409548,330417.6915444406,4156616.2624275773
84,127.0804773,37.540956699999995,330417.71352068125,4156616.472889942
85,127.0804778,37.5409587,330417.76222991257,4156616.693906968
86,127.08047789999999,37.5409607,330417.7755972811,4156616.915645727
87,127.08047819999999,37.5409627,330417.8066355792,4156617.1370236194
88,127.08047859999999,37.540964599999995,330417.84628274804,4156617.3471251167
89,127.08047889999999,37.5409666,330417.8773210435,4156617.5685030096
90,127.0804793,37.5409686,330417.9171948021,4156617.789700471
91,127.08047959999999,37.5409704,330417.9477799049,4156617.9888864434
92,127.0804802,37.540972499999995,330418.00555118517,4156618.2208189983
93,127.0804806,37.5409745,330418.0454249407,4156618.442016459
94,127.0804812,37.5409763,330418.10251642927,4156618.6406611353
95,127.08048169999999,37.5409785,330418.1516788315,4156618.8838700834
96,127.0804821,37.540980399999995,330418.1913259865,4156619.093971585
97,127.0804824,37.540982299999996,330418.222137675,4156619.304253519
98,127.080483,37.5409843,330418.2796823465,4156619.5250901156
99,127.0804833,37.5409863,330418.3107206266,4156619.7464680104
100,127.08048389999999,37.5409882,330418.3680386967,4156619.956208648
101,127.0804843,37.540990199999996,330418.4079124377,4156620.177406111
102,127.08048489999999,37.540991999999996,330418.4650039087,4156620.37605079
103,127.0804855,37.540994,330418.52254856844,4156620.596887388
104,127.0804859,37.540996,330418.5624223012,4156620.8180848514
105,127.0804864,37.540997999999995,330418.61113149306,4156621.0391018814
106,127.08048699999999,37.540999899999996,330418.66844955133,4156621.248842523
107,127.0804876,37.5410019,330418.72599419905,4156621.4696791214
108,127.0804881,37.5410038,330418.7744767921,4156621.6796001936
109,127.08048869999999,37.5410057,330418.83179484075,4156621.8893408356
110,127.08048919999999,37.5410077,330418.8805040212,4156622.110357868
111,127.0804897,37.5410095,330418.92876001383,4156622.3091829815
112,127.08049009999999,37.541011499999996,330418.9686337309,4156622.5303804465
113,127.08049059999999,37.5410135,330419.0173429075,4156622.75139748
114,127.080491,37.5410153,330419.05676343327,4156622.9504030263
115,127.08049129999999,37.5410173,330419.0878016867,4156623.171780923
116,127.0804917,37.5410192,330419.1274488056,4156623.3818824287
117,127.08049199999999,37.541021199999996,330419.1584870564,4156623.6032603257
118,127.08049229999999,37.5410234,330419.1899784935,4156623.846830143
119,127.0804927,37.5410252,330419.22939901403,4156624.0458356887
120,127.0804929,37.5410271,330419.25137520995,4156624.2562980577
121,127.08049319999999,37.541029,330419.2821868622,4156624.466579997
122,127.0804933,37.541030899999996,330419.2953275995,4156624.6772227967
123,127.0804938,37.5410331,330419.34448994644,4156624.920431751
124,127.0804941,37.5410349,330419.37507500144,4156625.1196177294
125,127.08049439999999,37.541036999999996,330419.4063398362,4156625.3520915885
126,127.08049469999999,37.5410389,330419.43715148256,4156625.562373526
127,127.080495,37.5410409,330419.46818972356,4156625.7837514263
128,127.0804953,37.5410429,330419.4992279611,4156626.0051293243
129,127.08049559999999,37.5410448,330419.53003960394,4156626.2154112626
130,127.08049609999999,37.5410469,330419.57897534245,4156626.447524259
131,127.0804963,37.5410488,330419.6009515299,4156626.65798663
132,127.0804967,37.5410508,330419.6408252169,4156626.879184097
133,127.0804974,37.5410526,330419.7067520807,4156627.0776483533
134,127.08049749999999,37.5410545,330419.7198928081,4156627.2882911554
135,127.0804976,37.5410562,330419.7325803486,4156627.476742037
136,127.08049849999999,37.541058,330419.8161781116,4156627.674845432
137,127.08049849999999,37.5410596,330419.8198036033,4156627.8523807866
138,127.08049869999999,37.5410616,330419.8420063768,4156628.0739391185
139,127.08049869999999,37.541063199999996,330419.84563186846,4156628.2514744713
140,127.0804993,37.541064999999996,330419.9027232637,4156628.45011916
141,127.0804998,37.541066799999996,330419.95097920625,4156628.6489442796
142,127.0805003,37.5410687,330419.9994617376,4156628.8588653593
143,127.0805008,37.5410706,330420.04794426914,4156629.0687864386
144,127.0805012,37.5410725,330420.0875913445,4156629.2788879485
145,127.08050159999999,37.5410743,330420.12701182516,4156629.4778934987
146,127.080502,37.5410761,330420.16643230664,4156629.6768990513
147,127.0805024,37.541078,330420.2060793772,4156629.8870005626
148,127.08050279999999,37.5410798,330420.2454998533,4156630.086006114
149,127.08050309999999,37.5410817,330420.27631146985,4156630.296288056
150,127.0805037,37.5410836,330420.33362943935,4156630.506028707
151,127.08050399999999,37.5410854,330420.36421446,4156630.70521469
152,127.08050449999999,37.5410873,330420.41269697284,4156630.915135771
153,127.08050469999999,37.541089299999996,330420.4348997285,4156631.136694103
154,127.08050519999999,37.541091099999996,330420.4831556452,4156631.335519226
155,127.0805055,37.541093,330420.5139672556,4156631.545801168
156,127.080506,37.5410949,330420.56244976126,4156631.755722251
157,127.08050639999999,37.5410968,330420.6020968157,4156631.9658237635
158,127.0805067,37.5410987,330420.63290842203,4156632.176105708
159,127.080507,37.5411006,330420.6637200249,4156632.3863876513
160,127.0805073,37.5411025,330420.69453162665,4156632.5966695943
161,127.0805075,37.541104499999996,330420.7167343714,4156632.818227927
162,127.0805077,37.541106299999996,330420.73848393065,4156633.017594341
163,127.0805079,37.5411084,330420.76091326855,4156633.2502486357
164,127.08050809999999,37.5411104,330420.78311600897,4156633.471806969
165,127.0805082,37.5411123,330420.79625671345,4156633.6824497734
166,127.0805085,37.5411143,330420.8272949018,4156633.903827677
167,127.0805085,37.5411162,330420.8316001564,4156634.114650912
168,127.0805087,37.5411182,330420.85380289645,4156634.336209246
169,127.08050879999999,37.5411202,330420.8671701895,4156634.557948011
170,127.0805089,37.541122099999995,330420.88031089,4156634.7685908144
171,127.08050899999999,37.5411241,330420.89367818245,4156634.9903295785
172,127.0805092,37.5411261,330420.9158809227,4156635.2118879138
173,127.08050929999999,37.541128,330420.9290216199,4156635.4225307177
174,127.0805094,37.541129999999995,330420.9423889136,4156635.644269482
175,127.0805094,37.541131799999995,330420.9464675753,4156635.8439967576
176,127.0805096,37.541133699999996,330420.968443719,4156636.0544591327
177,127.08050949999999,37.5411357,330420.9641401207,4156636.2765587578
178,127.0805096,37.5411377,330420.9775074116,4156636.498297523
179,127.0805097,37.541139699999995,330420.99087470234,4156636.720036287
180,127.08050979999999,37.5411417,330421.0042419927,4156636.941775052
181,127.0805097,37.5411436,330420.9997118034,4156637.152778718
182,127.08050979999999,37.5411456,330421.0130790938,4156637.374517483
183,127.08050999999999,37.5411475,330421.03505523456,4156637.5849798587
184,127.08050999999999,37.541149499999996,330421.03958708135,4156637.806899052
185,127.0805099,37.5411514,330421.03505689336,4156638.017902718
186,127.0805096,37.5411533,330421.0128558211,4156638.2292672438
187,127.0805094,37.5411553,330420.99971678504,4156638.4515472995
188,127.0805089,37.5411571,330420.95961823716,4156638.652176725
189,127.0805084,37.541159,330420.91974628635,4156638.8639021134
190,127.0805075,37.5411608,330420.844305977,4156639.065253261
191,127.08050639999999,37.5411625,330420.7509681962,4156639.2558693094
192,127.08050519999999,37.541163999999995,330420.648341793,4156639.4244738705
193,127.0805039,37.5411657,330420.53733313933,4156639.615450784
194,127.08050229999999,37.541167099999996,330420.3991383888,4156639.7736811116
195,127.0805006,37.541168299999995,330420.25165501365,4156639.9098999524
196,127.0804988,37.541169499999995,330420.09533620515,4156640.0462992284
197,127.0804967,37.5411705,330419.91205789044,4156640.161047882
198,127.0804946,37.5411715,330419.7287795807,4156640.2757965378
199,127.08049249999999,37.5411723,330419.5450480868,4156640.36835328
200,127.0804902,37.541173,330419.34341912414,4156640.4501749277
201,127.0804878,37.5411734,330419.13227493776,4156640.498889136
202,127.0804854,37.5411739,330418.9213573489,4156640.558699309
203,127.08048289999999,37.541174399999996,330418.7016043206,4156640.6186899184
204,127.0804804,37.5411748,330418.4816247015,4156640.6675845752
205,127.08047789999999,37.5411754,330418.2620982773,4156640.7386711566
206,127.0804754,37.5411757,330418.0418920668,4156640.7764698667
207,127.08047289999999,37.5411759,330417.8214592611,4156640.803172621
208,127.08047029999999,37.5411761,330417.59219101456,4156640.8300558156
209,127.0804678,37.541176,330417.3710784209,4156640.823470702
210,127.0804654,37.5411754,330417.15766827547,4156640.7612253595
211,127.0804629,37.5411752,330416.93632907874,4156640.7435442978
212,127.0804606,37.541174399999996,330416.7313011708,4156640.6589266146
213,127.08045849999999,37.5411735,330416.5437175399,4156640.5628521065
214,127.08045639999999,37.5411725,330416.35590730584,4156640.455681641
215,127.0804546,37.541171299999995,330416.19415019185,4156640.325777955
216,127.08045279999999,37.541170099999995,330416.03239307064,4156640.1958742714
217,127.08045109999999,37.5411685,330415.87856498745,4156640.0214063157
218,127.08044969999999,37.5411668,330415.75101662317,4156639.8353010966
219,127.0804484,37.541165,330415.63207709475,4156639.6379194832
220,127.0804472,37.541163499999996,330415.5226528017,4156639.473645315
221,127.08044629999999,37.5411613,330415.43814862944,4156639.231158121
222,127.0804453,37.5411596,330415.3459420133,4156639.0443311636
223,127.0804443,37.5411577,330415.2532821908,4156638.8353122864
224,127.0804435,37.541156099999995,330415.178973049,4156638.659220418
225,127.0804426,37.5411541,330415.0949220607,4156638.4389251475
226,127.0804417,37.5411521,330415.01087107055,4156638.218629876
227,127.08044059999999,37.5411499,330414.908695985,4156637.97650356
228,127.0804397,37.5411479,330414.8246449861,4156637.756208292
229,127.080439,37.5411459,330414.7582648676,4156637.5355521506
230,127.08043819999999,37.5411438,330414.6828227015,4156637.3039804865
231,127.08043769999999,37.5411418,330414.6341134665,4156637.0829634727
232,127.0804369,37.541139699999995,330414.558671296,4156636.85139181
233,127.08043629999999,37.5411376,330414.50090000825,4156636.619459274
234,127.0804357,37.5411356,330414.44335532107,4156636.3986226986
235,127.08043529999999,37.5411335,330414.4032549176,4156636.1663292893
236,127.08043479999999,37.5411314,330414.3543190694,4156635.9342163163
237,127.0804342,37.5411293,330414.29654777155,4156635.7022837824
238,127.08043409999999,37.5411271,330414.2827270998,4156635.458353103
239,127.0804337,37.541125099999995,330414.2428532926,4156635.2371556535
240,127.0804335,37.5411229,330414.2201971735,4156634.993405411
241,127.08043319999999,37.5411208,330414.18893220625,4156634.760931567
242,127.08043339999999,37.541118399999995,330414.2011646691,4156634.494267656
243,127.08043319999999,37.5411164,330414.1789617509,4156634.2727093333
244,127.08043339999999,37.5411141,330414.19142081664,4156634.017141382
245,127.08043339999999,37.5411121,330414.18688879255,4156633.795222186
246,127.0804335,37.5411098,330414.19051241496,4156633.539834674
247,127.0804335,37.5411078,330414.1859803916,4156633.317915476
248,127.0804337,37.541105699999996,330414.1988926634,4156633.084539446
249,127.0804337,37.541103799999995,330414.194587242,4156632.8737162077
250,127.08043339999999,37.5411018,330414.16354887164,4156632.652338325
251,127.08043339999999,37.5410999,330414.15924345,4156632.4415150885
252,127.080433,37.5410977,330414.1189164288,4156632.1981257214
253,127.0804325,37.5410958,330414.0704337602,4156631.988204671
254,127.0804321,37.5410938,330414.0305599377,4156631.7670072233
255,127.08043169999999,37.541091699999996,330413.99045951,4156631.5347138164
256,127.0804314,37.5410898,330413.95964773546,4156631.324431893
257,127.08043079999999,37.5410879,330413.90232960694,4156631.1146912808
258,127.08043049999999,37.5410858,330413.87106462655,4156630.882217437
259,127.08042999999999,37.5410837,330413.8221287435,4156630.650104469
260,127.0804294,37.5410818,330413.764810608,4156630.440363856
261,127.08042879999999,37.5410797,330413.70703926904,4156630.208431326
262,127.0804283,37.5410778,330413.65855657985,4156629.9985102774
263,127.0804278,37.5410756,330413.60939408577,4156629.75530135
264,127.0804271,37.5410738,330413.54346709023,4156629.5568371373
265,127.0804266,37.5410719,330413.4949843965,4156629.3469160893
266,127.0804259,37.541069799999995,330413.42837759,4156629.115163998
267,127.08042529999999,37.5410678,330413.3708328349,4156628.8943274305
268,127.08042449999999,37.5410658,330413.29561717366,4156628.673851738
269,127.0804239,37.5410641,330413.2387522212,4156628.4863030487
270,127.080423,37.541062,330413.1544744958,4156628.2549118362
271,127.0804225,37.541060099999996,330413.10599178483,4156628.0449907905
272,127.0804216,37.541058199999995,330413.02216725895,4156627.8357914975
273,127.0804209,37.5410562,330412.9557870326,4156627.6151353694
274,127.08042019999999,37.5410542,330412.8894068032,4156627.394479242
275,127.08041949999999,37.541052199999996,330412.8230265728,4156627.173823115
276,127.0804187,37.5410501,330412.74758427986,4156626.9422514676
277,127.080418,37.5410482,330412.68143064564,4156626.7326913015
278,127.0804172,37.5410463,330412.6064415511,4156626.5233115745
279,127.08041639999999,37.5410442,330412.53099924745,4156626.291739928
280,127.0804156,37.5410422,330412.4557835452,4156626.0712642423
281,127.08041469999999,37.5410401,330412.3715057782,4156625.8398730364
282,127.0804139,37.541038199999996,330412.29651666933,4156625.630493311
283,127.0804131,37.5410362,330412.2213009561,4156625.410017628
284,127.08041229999999,37.5410341,330412.1458586338,4156625.1784459846
285,127.0804112,37.541032,330412.04390993714,4156624.9474156606
286,127.0804105,37.54103,330411.9775296671,4156624.7267595395
287,127.0804094,37.541027899999996,330411.87558096106,4156624.495729215
288,127.08040849999999,37.541025999999995,330411.7917563723,4156624.2865299345
289,127.08040779999999,37.5410237,330411.72469628253,4156624.032585936
290,127.0804069,37.5410217,330411.6406450823,4156623.8122906974
291,127.08040609999999,37.5410195,330411.5649761284,4156623.5696230987
292,127.0804053,37.541017499999995,330411.48976038094,4156623.3491474204
293,127.08040419999999,37.5410155,330411.3880382512,4156623.1292130626
294,127.0804036,37.5410134,330411.3302668097,4156622.8972805464
295,127.0804031,37.5410111,330411.2808776141,4156622.642975672
296,127.0804021,37.5410092,330411.1882175353,4156622.4339568373
297,127.0804014,37.541007,330411.12138402066,4156622.1911088023
298,127.0804009,37.5410051,330411.0729012339,4156621.981187768
299,127.0804003,37.541002999999996,330411.01512977795,4156621.749255254
300,127.08039989999999,37.5410008,330410.97480263363,4156621.5058659017
301,127.08039939999999,37.5409986,330410.9256400288,4156621.262656989
302,127.0803988,37.5409965,330410.86786856304,4156621.030724477
303,127.08039839999999,37.5409945,330410.8279946241,4156620.809527042
304,127.08039799999999,37.5409922,330410.78744086693,4156620.5550417304
305,127.0803976,37.540990199999996,330410.74756692455,4156620.3338442985
306,127.0803973,37.5409879,330410.715848628,4156620.0791785456
307,127.08039699999999,37.5409857,330410.684356935,4156619.835608755
308,127.0803966,37.5409837,330410.6444829878,4156619.6144113224
309,127.0803962,37.5409814,330410.6039292219,4156619.3599260123
310,127.080396,37.5409791,330410.58104638266,4156619.10507982
311,127.0803957,37.540977,330410.54978128907,4156618.8726059888
312,127.0803954,37.540974899999995,330410.5185161942,4156618.6401321557
313,127.08039509999999,37.5409727,330410.4870244909,4156618.3965623653
314,127.08039459999999,37.5409705,330410.4378618602,4156618.153353456
315,127.08039439999999,37.5409685,330410.4156588282,4156617.931795144
316,127.0803942,37.5409663,330410.3930025899,4156617.688044912
317,127.080394,37.5409641,330410.3703463463,4156617.4442946813
318,127.08039369999999,37.5409619,330410.33885463886,4156617.2007248914
319,127.0803936,37.5409596,330410.324807256,4156616.9456982594
320,127.08039339999999,37.5409575,330410.3023776174,4156616.7130439873
321,127.0803933,37.5409554,330410.2887834439,4156616.480209277
322,127.0803931,37.540953099999996,330410.2659005937,4156616.2253630846
323,127.08039289999999,37.540951,330410.24347095075,4156615.9927088157
324,127.0803926,37.5409489,330410.21220584254,4156615.760234984
325,127.080393,37.5409469,330410.24301560916,4156615.537594029
326,127.08039339999999,37.5409449,330410.2738253756,4156615.314953076
327,127.080394,37.540943,330410.32253268396,4156615.103047199
328,127.08039509999999,37.5409411,330410.4154173356,4156614.8902391214
329,127.0803964,37.5409396,330410.5268793467,4156614.721454003
330,127.0803978,37.540937899999996,330410.64672362374,4156614.530296525
331,127.0803997,37.5409363,330410.8109718495,4156614.34933281
332,127.0804014,37.540934899999996,330410.95800235623,4156614.1909218985
333,127.08040319999999,37.5409332,330411.11318852333,4156613.99904267
334,127.08040539999999,37.5409319,330411.3046229894,4156613.850825524
335,127.08040729999999,37.5409303,330411.4688712433,4156613.669861825
336,127.0804094,37.5409289,330411.65124365105,4156613.510729167
337,127.0804115,37.540927599999996,330411.8338426687,4156613.362692474
338,127.0804137,37.540926299999995,330412.0252771621,4156613.214475347
339,127.08041619999999,37.540925099999995,330412.243444673,4156613.07681287
340,127.08041859999999,37.5409241,330412.4532299255,4156612.9615227547
341,127.080421,37.5409232,330412.66324178514,4156612.857328606
342,127.08042359999999,37.5409224,330412.89115119085,4156612.7638695454
343,127.08042619999999,37.5409219,330413.11974040477,4156612.7036983706
344,127.0804289,37.5409213,330413.356938493,4156612.632250804
345,127.0804316,37.540920799999995,330413.59436318313,4156612.571899205
346,127.08043439999999,37.5409207,330413.8415297468,4156612.5557510145
347,127.0804371,37.540920299999996,330414.0791810439,4156612.5064953896
348,127.08043989999999,37.5409204,330414.3268008085,4156612.512539131
349,127.08044229999999,37.540920799999995,330414.5397584898,4156612.5525925034
350,127.0804452,37.5409212,330414.7968935207,4156612.591743703
351,127.08044799999999,37.540921999999995,330415.04609947046,4156612.6754591838
352,127.0804493,37.5409226,330415.1623201703,4156612.73968928
353,127.0804507,37.540923299999996,330415.28760293603,4156612.814834904
354,127.080452,37.5409241,330415.40427682805,4156612.901256922
355,127.0804531,37.5409255,330415.50463936594,4156613.0546155716
356,127.08045469999999,37.5409271,330415.64963244204,4156613.2292639646
357,127.08045589999999,37.540929,330415.75996342883,4156613.437921977
358,127.080457,37.5409308,330415.8612323464,4156613.635664468
359,127.08045759999999,37.5409331,330415.91945689934,4156613.8897889275
360,127.0804582,37.5409363,330415.97972082766,4156614.243777024
361,127.0804587,37.5409383,330416.0284301144,4156614.4647940425
362,127.08045899999999,37.5409408,330416.0606014499,4156614.7416517274
363,127.0804589,37.540942699999995,330416.05607133114,4156614.9526553904
364,127.08045879999999,37.5409443,330416.05086142104,4156615.1303711776
365,127.08045849999999,37.5409453,330416.02662099316,4156615.2418720764
366,127.08045849999999,37.540945799999996,330416.02775398,4156615.297351874
367,127.0804586,37.5409461,330416.0372692392,4156615.3304593167
368,127.0804586,37.5409463,330416.03772243386,4156615.352651237
369,127.0804587,37.5409465,330416.04701109545,4156615.374662721
370,127.0804587,37.5409467,330416.04746429017,4156615.39685464
371,127.08045879999999,37.5409468,330416.0565263544,4156615.407770165
372,127.0804589,37.5409469,330416.06558841857,4156615.4186856896
373,127.08045899999999,37.5409471,330416.07487708004,4156615.440697175
374,127.08045899999999,37.5409472,330416.07510367746,4156615.4517931347
375,127.0804591,37.5409473,330416.0841657416,4156615.4627086595
376,127.0804593,37.5409475,330416.10228987195,4156615.48453971
377,127.0804593,37.540947599999996,330416.10251646925,4156615.4956356697
378,127.0804594,37.5409477,330416.1115785333,4156615.506551194
379,127.08045949999999,37.5409478,330416.1206405951,4156615.5174667197
380,127.08045949999999,37.5409479,330416.12086719234,4156615.528562679
381,127.0804596,37.540948,330416.1299292586,4156615.539478204
382,127.0804596,37.5409481,330416.1301558558,4156615.550574164
383,127.08045969999999,37.5409481,330416.1389913225,4156615.5503937295
384,127.0804598,37.540948199999995,330416.1480533865,4156615.5613092533
385,127.0804598,37.540948199999995,330416.1480533865,4156615.5613092533
386,127.0804599,37.540948199999995,330416.1568888532,4156615.5611288194
387,127.0804599,37.540948199999995,330416.1568888532,4156615.5611288194
388,127.0804601,37.5409483,330416.17478638375,4156615.5718639097
389,127.0804601,37.5409481,330416.1743331894,4156615.549671992
390,127.08046019999999,37.5409481,330416.1831686561,4156615.5494915578
391,127.0804603,37.5409481,330416.1920041228,4156615.5493111233
392,127.08046039999999,37.540948,330416.2006129924,4156615.538034729
393,127.0804606,37.540948,330416.218283928,4156615.537673861
394,127.08046069999999,37.5409479,330416.2268927954,4156615.526397467
395,127.08046069999999,37.5409477,330416.22643960116,4156615.504205548
396,127.08046089999999,37.5409477,330416.2441105369,4156615.5038446793
397,127.080461,37.540947599999996,330416.2527194066,4156615.492568286
398,127.08046119999999,37.540947599999996,330416.2703903401,4156615.4922074177
399,127.08046139999999,37.5409477,330416.2882878707,4156615.502942508
400,127.08046139999999,37.5409475,330416.28783467656,4156615.48075059
401,127.0804617,37.540947599999996,330416.31456767616,4156615.491305247
402,127.0804618,37.5409475,330416.323176546,4156615.4800288533
403,127.0804618,37.5409474,330416.322949949,4156615.468932894
404,127.08046189999999,37.5409474,330416.33178541355,4156615.4687524596
405,127.080462,37.5409474,330416.3406208826,4156615.4685720257
406,127.08046189999999,37.5409473,330416.33155881654,4156615.457656499
